,datetime,open,high,low,close,volume
0,2019-12-01,151.38,152.5,145.5,150.65,394494.119
1,2019-12-02,150.72,151.3,146.67,148.59,395630.91
2,2019-12-03,148.59,149.8,145.62,147.1,495996.573
3,2019-12-04,147.12,152.22,142.96,145.35,684404.817
4,2019-12-05,145.36,148.88,143.77,148.04,441113.912
5,2019-12-06,148.08,149.5,145.66,148.41,334645.217
6,2019-12-07,148.41,149.42,146.77,147.1,239185.31
7,2019-12-08,147.08,156.25,146.01,150.41,260610.87
8,2019-12-09,150.41,151.15,146.55,147.37,296475.449
9,2019-12-10,147.36,148.39,143.78,145.55,253852.598
10,2019-12-11,142.83,142.87,142.74,142.76,158.649
11,2019-12-12,143.36,145.8,139.05,144.8,372077.814
12,2019-12-13,144.8,145.2,143.0,144.7,183068.201
13,2019-12-14,144.71,144.97,141.05,141.77,187036.667
14,2019-12-15,141.77,144.0,139.89,142.39,230729.834
15,2019-12-16,142.46,142.63,128.59,132.59,553596.159
16,2019-12-17,132.6,132.84,119.1,121.87,613475.54
17,2019-12-18,121.9,134.75,115.95,132.74,1013697.094
18,2019-12-19,132.78,133.79,125.66,128.03,637508.534
19,2019-12-20,128.03,129.33,125.73,128.13,346553.796
20,2019-12-21,128.13,128.52,126.5,126.99,208331.595
21,2019-12-22,126.99,133.33,126.78,132.14,443907.086
22,2019-12-23,132.18,135.09,126.01,127.73,698722.014
23,2019-12-24,127.75,129.67,126.45,127.76,497534.945
24,2019-12-25,127.72,127.83,123.0,125.06,455279.225
25,2019-12-26,125.06,132.44,124.33,125.53,583380.778
26,2019-12-27,125.53,127.06,122.0,126.21,567887.536
27,2019-12-28,126.24,129.62,125.77,128.04,468730.855
28,2019-12-29,128.02,138.25,127.5,134.28,771614.663
29,2019-12-30,134.22,136.21,130.19,131.52,692165.824
30,2019-12-31,131.53,133.64,128.15,129.12,647743.359
31,2020-01-01,129.12,132.96,128.62,130.62,466063.929
32,2020-01-02,130.63,130.75,126.25,127.11,523582.924
33,2020-01-03,127.11,135.07,125.78,134.29,951123.597
34,2020-01-04,134.31,135.8,132.41,134.14,509778.108
35,2020-01-05,134.14,138.17,134.12,135.33,669677.687
36,2020-01-06,135.32,144.38,134.82,144.04,1095147.166
37,2020-01-07,144.11,145.25,138.7,142.86,963331.505
38,2020-01-08,142.86,147.94,137.15,140.75,1208133.766
39,2020-01-09,140.76,141.52,135.33,137.73,956864.213
40,2020-01-10,137.73,145.15,135.22,144.8,908378.249
41,2020-01-11,144.8,148.03,142.0,142.4,832163.204
42,2020-01-12,142.4,146.6,141.71,146.57,630256.911
43,2020-01-13,146.57,147.0,142.32,143.58,558655.672
44,2020-01-14,143.57,171.0,143.49,165.77,2169559.414
45,2020-01-15,165.75,172.18,159.35,166.6,1391999.279
46,2020-01-16,166.61,167.63,158.43,164.37,784199.474
47,2020-01-17,164.39,174.79,162.27,170.06,946707.348
48,2020-01-18,170.06,179.57,165.08,174.43,819444.357
49,2020-01-19,174.37,178.42,161.81,167.04,742371.819
50,2020-01-20,167.04,169.48,161.5,167.03,390055.869
51,2020-01-21,167.01,170.34,165.02,169.52,351565.999
52,2020-01-22,169.62,171.61,166.12,168.19,334378.174
53,2020-01-23,168.24,168.38,159.41,162.97,481102.22
54,2020-01-24,162.97,164.65,155.72,162.63,472568.424
55,2020-01-25,162.66,163.0,157.8,160.52,282785.555
56,2020-01-26,160.5,168.16,159.5,167.9,326188.863
57,2020-01-27,167.98,172.26,165.28,170.21,418039.792
58,2020-01-28,170.25,176.7,170.22,175.88,525282.459
59,2020-01-29,175.89,178.85,173.3,173.8,401619.605
60,2020-01-30,173.86,187.4,171.07,185.14,653770.608
61,2020-01-31,185.16,186.34,175.5,180.14,672522.049
62,2020-02-01,180.14,184.58,179.41,183.82,526688.019
63,2020-02-02,183.8,193.7,179.0,188.59,907342.798
64,2020-02-03,188.64,195.45,186.65,189.92,652054.538
65,2020-02-04,189.89,191.76,184.71,189.01,614290.379
66,2020-02-05,189.0,208.18,188.26,204.1,902811.615
67,2020-02-06,204.1,216.7,201.28,213.27,1254989.317
68,2020-02-07,213.3,225.36,213.3,223.57,1054174.736
69,2020-02-08,223.57,228.02,213.35,223.57,1090545.108
70,2020-02-09,223.57,230.9,223.5,228.64,969021.787
71,2020-02-10,228.71,229.96,217.32,223.03,1175671.024
72,2020-02-11,223.04,239.98,218.64,237.16,1194286.448
73,2020-02-12,237.17,277.97,237.17,266.24,2223807.477
74,2020-02-13,266.26,278.8,256.2,268.48,2386998.02
75,2020-02-14,268.48,287.58,260.53,285.4,1447161.175
76,2020-02-15,285.4,289.0,262.41,265.08,1925220.413
77,2020-02-16,265.16,274.3,237.86,258.87,2297491.401
78,2020-02-17,258.87,268.81,242.32,268.0,2129022.892
79,2020-02-18,267.99,286.48,258.78,282.96,1885124.383
80,2020-02-19,282.96,286.7,250.0,258.43,1677778.697
81,2020-02-20,258.39,264.32,245.91,257.11,1618473.989
82,2020-02-21,257.18,268.5,253.89,265.44,985301.295
83,2020-02-22,265.45,267.16,256.23,261.83,752957.418
84,2020-02-23,261.82,275.84,261.5,274.67,940831.98
85,2020-02-24,274.66,277.26,257.5,265.7,1483265.023
86,2020-02-25,265.69,266.4,244.57,247.03,1563901.657
87,2020-02-26,247.03,250.54,215.75,224.1,2729291.802
88,2020-02-27,224.13,238.58,210.01,227.92,2374539.334
89,2020-02-28,227.93,234.93,214.25,227.09,2026863.186
90,2020-02-29,227.04,233.33,217.14,217.31,1309444.25
91,2020-03-01,217.37,228.0,212.33,218.01,1775078.523
92,2020-03-02,218.01,234.5,216.24,232.22,1604040.396
93,2020-03-03,232.24,232.67,220.21,224.1,1544830.651
94,2020-03-04,224.1,229.0,220.45,224.47,1027175.512
95,2020-03-05,224.43,234.26,224.43,228.64,1142530.928
96,2020-03-06,228.63,245.38,227.6,244.94,1307956.34
97,2020-03-07,244.97,251.8,236.3,237.34,1637057.953
98,2020-03-08,237.36,237.38,195.35,199.54,3150036.792
99,2020-03-09,199.54,208.65,190.02,203.02,3885205.704
100,2020-03-10,202.95,206.32,195.66,200.95,2008333.356
101,2020-03-11,200.9,203.26,181.88,194.81,2125322.09
102,2020-03-12,194.77,195.81,95.0,106.71,7116256.717
103,2020-03-13,106.97,323.0,84.23,134.13,6584772.112
104,2020-03-14,134.1,134.67,121.16,122.55,1845475.252
105,2020-03-15,122.56,133.85,120.4,123.89,1802030.406
106,2020-03-16,123.87,124.4,100.11,111.06,3622097.906
107,2020-03-17,111.04,121.55,109.34,115.68,2053691.349
108,2020-03-18,115.67,118.59,109.78,118.16,1583517.464
109,2020-03-19,118.12,143.34,115.5,136.42,2098800.654
110,2020-03-20,136.42,152.68,116.67,133.52,3128620.956
111,2020-03-21,133.48,137.58,125.58,132.67,1933564.299
112,2020-03-22,132.64,137.2,121.0,122.25,1724360.751
113,2020-03-23,122.27,137.67,119.0,135.96,1950909.243
114,2020-03-24,135.96,143.44,132.41,138.38,1745190.832
115,2020-03-25,138.39,142.46,132.36,136.1,1448291.794
116,2020-03-26,136.11,139.8,133.18,138.41,1069528.365
117,2020-03-27,138.36,141.44,129.16,131.27,1024307.98
118,2020-03-28,131.24,132.93,124.52,130.95,1335630.33
119,2020-03-29,130.97,131.77,123.74,124.4,848667.965
120,2020-03-30,124.42,135.13,123.93,132.04,1187536.733
121,2020-03-31,132.07,135.0,130.33,132.61,896493.378
122,2020-04-01,132.6,137.22,128.27,135.6,1143905.195
123,2020-04-02,135.6,149.97,135.0,141.3,1694646.358
124,2020-04-03,141.29,146.78,137.68,141.23,1307374.677
125,2020-04-04,141.2,146.14,138.79,144.02,977437.997
126,2020-04-05,143.97,145.52,140.6,142.59,780295.149
127,2020-04-06,142.59,171.99,142.51,171.15,2847455.204
128,2020-04-07,171.15,176.16,162.13,164.55,3033756.235
129,2020-04-08,164.56,174.59,163.55,173.19,1871521.554
130,2020-04-09,173.18,173.44,164.89,169.46,1307817.881
131,2020-04-10,169.48,170.1,152.0,157.69,2238955.865
132,2020-04-11,157.69,161.25,153.78,158.19,1157138.069
133,2020-04-12,158.21,164.9,154.85,158.72,1402479.422
134,2020-04-13,158.69,159.08,149.55,156.37,1787879.914
135,2020-04-14,156.38,161.83,155.07,158.43,1342786.247
136,2020-04-15,158.42,161.32,151.9,152.64,1352926.571
137,2020-04-16,152.64,174.92,148.07,172.27,3073088.701
138,2020-04-17,172.31,174.88,168.21,170.56,1341267.776
139,2020-04-18,170.56,189.68,170.28,187.48,2159964.294
140,2020-04-19,187.52,188.3,176.27,179.97,2326412.534
141,2020-04-20,179.96,186.47,166.6,170.19,3452651.911
142,2020-04-21,170.19,174.63,167.92,170.66,2195445.346
143,2020-04-22,170.66,183.98,169.8,182.63,2433000.659
144,2020-04-23,182.63,194.4,178.0,185.53,3351092.377
145,2020-04-24,185.54,189.77,184.49,187.65,1865428.754
146,2020-04-25,187.67,198.53,185.7,194.25,2370712.476
147,2020-04-26,194.22,199.99,192.27,197.46,2056340.656
148,2020-04-27,197.46,199.0,189.51,196.37,2321318.544
149,2020-04-28,196.39,197.72,192.28,196.31,1903267.47
150,2020-04-29,196.34,219.5,196.31,215.5,3776173.452
151,2020-04-30,215.5,227.5,201.9,206.22,4371759.191
152,2020-05-01,206.21,217.49,206.12,212.22,1902796.913
153,2020-05-02,212.21,215.63,210.55,213.99,1246430.868
154,2020-05-03,213.99,219.84,205.0,209.95,1688070.223
155,2020-05-04,209.94,210.83,195.1,206.73,2313604.876
156,2020-05-05,206.69,212.02,201.14,205.39,1814876.244
157,2020-05-06,205.36,211.13,198.04,199.06,1868966.306
158,2020-05-07,199.09,215.63,196.14,212.25,2470908.382
159,2020-05-08,212.25,216.95,207.01,211.47,1698296.769
160,2020-05-09,211.47,214.81,208.3,210.31,1444064.449
161,2020-05-10,210.32,210.36,177.89,187.52,3056317.482
162,2020-05-11,187.48,193.44,175.5,185.69,2311029.197
163,2020-05-12,185.68,192.31,185.4,189.64,1261058.639
164,2020-05-13,189.64,200.95,187.64,199.54,1373737.58
165,2020-05-14,199.53,205.95,195.56,203.13,1892551.091
166,2020-05-15,203.1,203.99,191.21,194.71,1377796.956
167,2020-05-16,194.72,203.46,193.2,200.39,1100996.922
168,2020-05-17,200.4,210.16,199.5,206.93,1067367.779
169,2020-05-18,206.9,217.2,206.9,214.83,1527493.953
170,2020-05-19,214.83,215.99,209.32,214.7,1209630.47
171,2020-05-20,214.69,215.85,206.02,209.96,1322809.976
172,2020-05-21,209.99,211.69,191.61,198.68,1812327.033
173,2020-05-22,198.69,209.22,195.95,207.28,1415586.292
174,2020-05-23,207.31,211.2,204.47,206.51,1093535.486
175,2020-05-24,206.46,210.54,199.24,199.7,1534431.164
176,2020-05-25,199.7,205.66,197.72,204.1,992843.927
177,2020-05-26,204.1,205.05,196.68,200.91,1053386.195
178,2020-05-27,200.89,208.48,200.69,208.27,949312.616
179,2020-05-28,208.27,220.79,204.55,220.32,1302485.446
180,2020-05-29,220.31,225.0,217.0,220.65,1412528.305
181,2020-05-30,220.65,247.85,218.77,243.74,2496490.987
182,2020-05-31,243.73,245.3,229.54,231.55,2064900.485
183,2020-06-01,231.55,252.8,230.61,248.9,2168854.578
184,2020-06-02,248.91,254.48,220.0,237.73,1997511.516
185,2020-06-03,237.74,245.23,233.3,244.52,1177836.333
186,2020-06-04,244.52,246.7,235.75,243.28,1658566.857
187,2020-06-05,243.29,248.36,238.68,240.13,1287620.696
188,2020-06-06,240.12,244.89,237.91,242.05,838620.358
189,2020-06-07,242.06,245.61,234.64,244.66,1343974.146
190,2020-06-08,244.67,248.05,241.04,246.65,857037.392
191,2020-06-09,246.64,250.1,237.3,243.98,1120313.696
192,2020-06-10,243.98,251.0,241.0,247.95,1101191.092
193,2020-06-11,247.95,250.34,225.33,230.48,1937518.384
194,2020-06-12,230.48,239.38,228.3,237.46,958938.087
195,2020-06-13,237.47,238.88,234.6,238.17,562091.362
196,2020-06-14,238.14,238.59,229.9,231.92,787142.212
197,2020-06-15,231.92,233.64,218.02,230.86,1960437.997
198,2020-06-16,230.85,236.0,228.75,235.22,989098.472
199,2020-06-17,235.22,237.5,227.47,233.75,1098414.164
200,2020-06-18,233.73,234.7,227.81,231.26,722224.653
201,2020-06-19,231.26,232.0,226.02,228.97,875231.698
202,2020-06-20,228.98,230.8,225.07,228.85,690552.179
203,2020-06-21,228.84,231.4,227.06,228.08,480312.941
204,2020-06-22,228.07,247.0,227.5,243.14,1580083.705
205,2020-06-23,243.13,244.9,240.7,243.12,880274.162
206,2020-06-24,243.13,249.41,231.0,234.54,1872960.153
207,2020-06-25,234.54,235.5,227.53,232.5,1051198.67
208,2020-06-26,232.5,233.65,227.67,229.66,1096114.911
209,2020-06-27,229.65,231.4,213.59,220.94,1316665.336
210,2020-06-28,220.95,227.9,217.81,224.96,967586.374
211,2020-06-29,224.93,230.13,221.11,227.95,1101723.749
212,2020-06-30,227.95,228.73,223.0,225.56,843327.995
213,2020-07-01,225.56,232.78,224.01,231.03,980442.364
214,2020-07-02,231.02,231.99,222.76,226.54,1305858.588
215,2020-07-03,226.54,228.17,224.11,224.83,579175.291
216,2020-07-04,224.82,230.77,224.31,229.2,534507.407
217,2020-07-05,229.21,229.88,223.26,227.61,681239.534
218,2020-07-06,227.61,242.32,226.89,241.63,1361794.882
219,2020-07-07,241.66,243.9,234.44,239.45,1024076.026
220,2020-07-08,239.45,249.0,237.75,247.14,1430997.143
221,2020-07-09,247.1,247.94,238.04,242.01,1407925.425
222,2020-07-10,242.0,242.25,235.73,241.37,789372.278
223,2020-07-11,241.38,241.79,237.61,239.25,478752.331
224,2020-07-12,239.25,244.35,236.0,242.82,899578.746
225,2020-07-13,242.82,245.56,237.3,239.6,1099518.478
226,2020-07-14,239.6,242.24,236.74,240.56,724653.885
227,2020-07-15,240.57,241.5,236.9,238.59,529634.834
228,2020-07-16,238.59,239.58,229.84,233.74,1047566.611
229,2020-07-17,233.75,235.05,231.81,232.72,557216.722
230,2020-07-18,232.72,236.95,232.35,235.69,466496.509
231,2020-07-19,235.69,239.93,233.28,239.19,573124.068
232,2020-07-20,239.18,239.81,234.0,236.03,693643.358
233,2020-07-21,236.02,246.87,235.52,245.56,1191285.53
234,2020-07-22,245.56,270.8,241.52,264.27,1647528.096
235,2020-07-23,264.3,280.48,259.86,275.56,2725687.424
236,2020-07-24,275.5,287.76,268.32,279.45,2651233.303
237,2020-07-25,279.45,309.39,279.28,305.64,3122852.128
238,2020-07-26,305.58,321.99,299.18,311.41,3709687.999
239,2020-07-27,311.36,335.0,311.0,322.33,5017477.237
240,2020-07-28,322.3,327.47,306.02,317.21,2856472.08
241,2020-07-29,317.19,325.99,313.0,318.12,1890408.946
242,2020-07-30,318.12,343.38,314.06,335.3,2332715.926
243,2020-07-31,335.31,349.83,329.0,346.42,2671758.151
244,2020-08-01,346.42,394.8,343.4,387.24,4026011.453
245,2020-08-02,387.25,418.49,302.0,372.85,6320469.19
246,2020-08-03,372.86,398.59,366.66,386.2,3020910.903
247,2020-08-04,386.19,403.88,380.66,390.1,2702153.264
248,2020-08-05,390.02,407.88,384.31,400.95,2378190.463
249,2020-08-06,400.94,404.25,390.6,395.09,1643305.55
250,2020-08-07,395.1,398.86,361.27,379.63,2591811.422
251,2020-08-08,379.62,397.75,376.11,397.48,1345421.828
252,2020-08-09,397.56,400.73,383.75,390.54,1457418.137
253,2020-08-10,390.54,400.7,384.34,395.83,1547750.272
254,2020-08-11,395.83,398.78,367.0,379.3,2199154.835
255,2020-08-12,379.34,389.75,366.05,387.46,1576215.436
256,2020-08-13,387.51,432.25,376.77,425.34,3595989.078
257,2020-08-14,425.27,445.66,418.0,438.84,2795449.786
258,2020-08-15,438.71,443.9,426.68,432.75,1729353.597
259,2020-08-16,432.78,437.71,413.01,434.19,1739365.364
260,2020-08-17,434.19,449.0,421.01,431.33,2238985.81
261,2020-08-18,431.31,434.5,414.0,422.36,1639582.806
262,2020-08-19,422.33,427.1,393.28,407.65,2392945.29
263,2020-08-20,407.63,419.48,402.41,416.29,1235515.836
264,2020-08-21,416.3,418.95,385.09,388.25,1870166.525
265,2020-08-22,388.27,397.34,380.0,395.44,1122107.661
266,2020-08-23,395.44,397.2,383.69,391.0,892915.856
267,2020-08-24,391.0,410.7,387.64,407.94,1323796.078
268,2020-08-25,407.91,409.43,370.14,383.11,2394641.047
269,2020-08-26,383.07,393.44,377.63,386.02,1390706.382
270,2020-08-27,386.02,397.38,371.31,383.6,1885062.888
271,2020-08-28,383.58,398.8,379.94,395.14,1161424.748
272,2020-08-29,395.16,405.8,391.81,398.66,987943.95
273,2020-08-30,398.71,430.28,398.37,429.11,1442892.512
274,2020-08-31,429.12,439.49,418.2,434.03,1643669.582
275,2020-09-01,434.03,489.32,429.25,475.61,3265577.517
276,2020-09-02,475.7,482.44,418.3,439.75,4128002.108
277,2020-09-03,439.74,450.91,371.0,381.62,4981606.249
278,2020-09-04,381.52,400.63,356.14,385.2,3806408.61
279,2020-09-05,385.24,394.89,307.36,334.85,5792598.731
280,2020-09-06,334.85,360.0,316.03,352.69,3681811.956
281,2020-09-07,352.62,358.48,323.02,353.49,3268150.18
282,2020-09-08,353.49,356.67,325.0,337.32,3008960.497
283,2020-09-09,337.38,359.0,330.58,350.65,1732784.863
284,2020-09-10,350.58,377.0,349.66,367.69,2855720.317
285,2020-09-11,367.69,375.07,355.6,373.45,1837058.853
286,2020-09-12,373.42,388.36,364.43,387.65,1472243.835
287,2020-09-13,387.58,390.45,353.12,366.24,2318465.664
288,2020-09-14,366.24,384.42,355.48,377.13,2243256.424
289,2020-09-15,377.13,382.49,362.29,364.06,2013169.525
290,2020-09-16,364.0,373.3,354.75,364.95,1911187.036
291,2020-09-17,364.97,394.07,363.1,389.24,2807865.002
292,2020-09-18,389.23,392.43,375.39,384.44,1502040.045
293,2020-09-19,384.43,388.71,376.67,384.96,923238.785
294,2020-09-20,384.95,385.33,364.52,370.85,1347492.449
295,2020-09-21,370.86,377.2,330.66,340.19,3292780.639
296,2020-09-22,340.19,346.75,335.27,344.06,2105741.952
297,2020-09-23,344.05,344.6,312.36,320.64,2547487.165
298,2020-09-24,320.64,353.09,316.37,348.77,2679663.06
299,2020-09-25,348.73,357.88,337.5,351.88,2148472.096
300,2020-09-26,351.88,356.58,345.76,353.88,1293348.016
301,2020-09-27,353.89,362.22,346.79,357.4,1563883.714
302,2020-09-28,357.29,368.45,351.6,353.85,1849537.469
303,2020-09-29,353.84,360.55,350.07,359.7,1437671.627
304,2020-09-30,359.7,361.55,351.02,359.71,1168055.491
305,2020-10-01,359.71,370.44,345.1,352.53,2088409.078
306,2020-10-02,352.54,354.34,334.01,345.41,1991868.507
307,2020-10-03,345.44,350.86,343.38,345.72,824121.901
308,2020-10-04,345.69,354.3,343.68,352.23,994011.923
309,2020-10-05,352.15,356.51,348.2,353.45,979059.824
310,2020-10-06,353.45,354.95,336.44,340.65,1685300.902
311,2020-10-07,340.66,342.9,332.22,341.41,1228735.001
312,2020-10-08,341.42,353.43,333.88,351.08,1560418.728
313,2020-10-09,351.07,368.3,347.26,365.04,1327626.268
314,2020-10-10,365.03,378.7,364.71,370.68,1467956.111
315,2020-10-11,370.68,378.1,369.07,374.39,1029589.464
316,2020-10-12,374.39,395.43,365.5,386.73,2084977.674
317,2020-10-13,386.72,388.15,374.25,381.12,1684066.814
318,2020-10-14,381.11,387.72,373.12,378.75,1534026.379
319,2020-10-15,378.75,382.6,369.5,377.63,1617436.212
320,2020-10-16,377.63,379.92,360.53,365.41,1864106.37
321,2020-10-17,365.42,370.91,363.19,368.26,710651.199
322,2020-10-18,368.26,378.8,367.16,378.29,806637.483
323,2020-10-19,378.28,384.53,372.72,379.47,1306013.625
324,2020-10-20,379.47,381.19,364.9,368.74,1662321.815
325,2020-10-21,368.74,402.8,367.9,390.96,3345842.465
326,2020-10-22,390.95,421.9,390.57,414.39,3018734.084
327,2020-10-23,414.38,419.99,401.82,409.4,2104662.195
328,2020-10-24,409.41,417.16,407.33,412.34,1329608.93
329,2020-10-25,412.34,417.89,402.6,406.14,1346452.607
330,2020-10-26,406.14,411.18,382.18,392.43,2786314.677
331,2020-10-27,392.43,410.58,390.0,403.6,2401387.34
332,2020-10-28,403.59,409.65,379.28,388.17,2723288.874
333,2020-10-29,388.17,394.27,380.5,386.94,1923941.877
334,2020-10-30,386.94,392.1,373.03,382.4,2280687.856
335,2020-10-31,382.49,394.14,380.14,386.29,1672781.766
336,2020-11-01,386.28,398.0,384.32,396.82,1414350.496
337,2020-11-02,396.9,405.0,377.71,383.16,2316121.967
338,2020-11-03,383.16,390.28,370.0,388.11,2031329.509
339,2020-11-04,388.11,408.99,375.71,402.92,3120949.65
340,2020-11-05,402.95,423.79,395.89,417.14,4634761.389
341,2020-11-06,417.13,459.0,414.81,456.38,5106137.581
342,2020-11-07,456.38,469.74,423.7,435.58,5035309.468
343,2020-11-08,435.64,461.1,432.33,454.75,2450451.528
344,2020-11-09,454.74,459.9,433.76,444.72,3414860.603
345,2020-11-10,444.73,455.82,439.07,450.67,2457157.259
346,2020-11-11,450.67,476.89,449.69,463.35,3760142.204
347,2020-11-12,463.34,470.83,451.09,462.68,3184836.866
348,2020-11-13,462.69,479.0,457.25,476.8,3013056.859
349,2020-11-14,476.8,478.1,451.97,461.0,2199594.275
350,2020-11-15,461.02,462.96,440.1,448.16,2039952.113
351,2020-11-16,448.16,466.6,445.53,460.72,2458564.459
352,2020-11-17,460.7,485.93,460.0,482.49,3589150.001
353,2020-11-18,482.56,497.0,455.0,478.61,5265683.829
354,2020-11-19,478.6,480.68,465.15,471.38,2320768.365
355,2020-11-20,471.38,514.52,471.01,510.37,4646610.69
356,2020-11-21,510.43,555.44,502.8,554.1,5113556.271
357,2020-11-22,554.04,582.93,511.0,560.42,7317045.59
358,2020-11-23,560.41,611.88,550.81,609.12,7475301.504
359,2020-11-24,609.12,624.65,586.15,605.72,5651528.809
360,2020-11-25,605.71,607.09,555.0,569.79,4433328.336
361,2020-11-26,569.79,577.53,480.12,520.25,9591594.788
362,2020-11-27,520.2,530.83,493.8,518.92,3685801.761
363,2020-11-28,518.89,548.0,507.0,537.46,2832550.126
364,2020-11-29,537.37,577.0,530.5,576.38,2762989.981
365,2020-11-30,576.38,617.53,570.9,617.42,4836853.473
366,2020-12-01,617.5,638.66,558.0,585.98,7059013.364
367,2020-12-02,585.92,605.88,574.73,596.96,3460094.906
368,2020-12-03,596.96,624.7,585.95,616.2,2791753.902
369,2020-12-04,616.21,620.99,564.91,567.68,3251195.251
370,2020-12-05,567.69,598.2,561.06,596.97,2107815.29
371,2020-12-06,596.98,607.93,583.2,601.86,2030749.593
372,2020-12-07,601.86,603.63,584.67,591.84,1665460.089
373,2020-12-08,591.84,595.75,548.0,555.17,3233758.126
374,2020-12-09,555.08,578.62,531.0,573.27,3460599.61
375,2020-12-10,573.28,575.67,548.52,559.71,2293137.506
376,2020-12-11,559.69,561.37,533.11,544.74,2929601.56
377,2020-12-12,544.8,574.0,543.34,568.34,1764546.873
378,2020-12-13,568.3,595.47,563.11,590.91,2311572.28
379,2020-12-14,590.92,591.63,575.57,586.33,1808415.505
380,2020-12-15,586.32,598.0,579.0,588.8,1866136.289
381,2020-12-16,588.8,640.47,581.04,637.8,3634225.42
382,2020-12-17,637.79,678.2,625.0,643.12,6624640.551
383,2020-12-18,643.09,665.85,630.1,654.51,2995266.462
384,2020-12-19,654.44,671.95,646.0,658.81,2635211.184
385,2020-12-20,658.82,662.99,620.93,638.27,2759178.686
386,2020-12-21,638.25,648.88,595.54,608.18,3621682.355
387,2020-12-22,608.24,638.7,588.41,637.2,3285945.398
388,2020-12-23,637.2,639.54,546.81,585.34,4594542.183
389,2020-12-24,585.49,615.42,565.2,612.31,3154682.001
390,2020-12-25,612.31,634.96,604.5,627.18,2623370.085
391,2020-12-26,627.17,654.32,615.1,637.9,3122352.524
392,2020-12-27,637.89,718.75,625.0,685.97,6363000.477
393,2020-12-28,685.97,749.5,681.91,731.07,5455254.006
394,2020-12-29,731.06,742.0,690.1,733.45,4261041.716
395,2020-12-30,733.45,760.76,717.52,753.04,3348883.502
396,2020-12-31,753.05,757.0,721.75,737.19,2876756.193
397,2021-01-01,737.18,750.4,714.55,729.77,1952291.25
398,2021-01-02,729.7,788.71,715.6,775.02,4176508.581
399,2021-01-03,775.04,1022.51,769.19,980.24,9610267.802
400,2021-01-04,980.23,1173.94,890.0,1043.11,12057661.067
401,2021-01-05,1043.12,1138.92,974.23,1101.29,7526097.093
402,2021-01-06,1101.29,1218.0,1057.3,1212.64,6952861.553
403,2021-01-07,1212.98,1297.15,1150.0,1227.12,5807791.01
404,2021-01-08,1227.5,1279.06,1064.6,1218.39,6994773.234
405,2021-01-09,1218.55,1314.0,1173.0,1279.96,4157466.015
406,2021-01-10,1279.96,1354.66,1168.49,1257.96,5913298.389
407,2021-01-11,1257.95,1264.5,915.2,1086.94,11237262.772
408,2021-01-12,1086.84,1153.13,1007.0,1050.82,5531356.605
409,2021-01-13,1050.67,1138.63,987.21,1130.4,4029644.646
410,2021-01-14,1130.4,1249.32,1087.68,1234.86,4079502.435
411,2021-01-15,1234.5,1260.0,1070.0,1168.79,5020898.727
412,2021-01-16,1168.65,1296.79,1152.13,1230.19,3980782.071
413,2021-01-17,1230.32,1272.28,1165.0,1233.71,3396518.439
414,2021-01-18,1233.61,1265.96,1183.2,1262.99,2562805.077
415,2021-01-19,1263.0,1444.05,1255.51,1367.51,6288844.344
416,2021-01-20,1367.38,1411.38,1236.35,1379.24,5844273.198
417,2021-01-21,1379.23,1391.0,1083.4,1111.23,6820207.515
418,2021-01-22,1111.82,1274.52,1041.13,1234.55,5475223.381
419,2021-01-23,1234.54,1274.0,1197.0,1235.66,2920417.541
420,2021-01-24,1235.65,1401.88,1221.51,1394.24,3768553.334
421,2021-01-25,1394.23,1481.46,1293.0,1318.61,5138109.254
422,2021-01-26,1318.53,1379.5,1244.87,1368.4,4868106.344
423,2021-01-27,1368.48,1377.9,1206.0,1238.55,5277115.882
424,2021-01-28,1238.55,1362.94,1217.28,1329.86,3463945.921
425,2021-01-29,1330.28,1443.0,1285.46,1381.99,5010264.423
426,2021-01-30,1382.14,1409.35,1328.0,1380.48,2364036.673
427,2021-01-31,1380.42,1383.7,1281.96,1313.12,2091898.285
428,2021-02-01,1313.09,1379.73,1270.0,1376.48,2282184.993
429,2021-02-02,1376.74,1551.5,1363.0,1516.26,5098356.241
430,2021-02-03,1516.2,1672.76,1510.76,1666.0,4407760.724
431,2021-02-04,1666.1,1703.37,1557.0,1596.0,4966516.757
432,2021-02-05,1595.93,1767.19,1592.46,1721.16,3518469.104
433,2021-02-06,1721.03,1748.11,1647.09,1679.34,2991060.685
434,2021-02-07,1679.38,1695.5,1490.48,1611.99,4063794.078
435,2021-02-08,1612.0,1782.5,1566.22,1755.61,3884050.435
436,2021-02-09,1755.6,1830.47,1713.2,1770.79,3388435.791
437,2021-02-10,1770.99,1848.0,1680.0,1743.31,3442140.65
438,2021-02-11,1743.3,1827.07,1704.21,1789.32,2256762.199
439,2021-02-12,1789.32,1872.86,1740.22,1843.08,2650816.264
440,2021-02-13,1843.08,1878.88,1764.79,1818.02,2381458.551
441,2021-02-14,1817.86,1857.67,1785.23,1803.59,1773668.237
442,2021-02-15,1804.0,1839.63,1652.0,1781.34,3238695.81
443,2021-02-16,1781.34,1831.58,1726.01,1784.31,2536777.874
444,2021-02-17,1784.31,1864.26,1735.66,1849.86,2340915.266
445,2021-02-18,1849.87,1955.0,1849.37,1941.26,2447343.966
446,2021-02-19,1941.12,1980.0,1894.0,1958.58,1943898.87
447,2021-02-20,1958.59,2048.0,1792.0,1914.58,3273599.601
448,2021-02-21,1914.51,1981.04,1885.0,1934.75,2039425.917
449,2021-02-22,1934.59,1938.5,1552.2,1778.3,4972903.814
450,2021-02-23,1778.22,1784.08,1348.17,1579.75,7089349.585
451,2021-02-24,1579.75,1714.04,1501.09,1623.98,3593348.017
452,2021-02-25,1623.94,1672.49,1458.0,1482.09,2955804.261
453,2021-02-26,1482.13,1563.66,1401.01,1445.28,3880051.012
454,2021-02-27,1445.36,1530.19,1425.5,1458.65,2530875.338
455,2021-02-28,1458.64,1469.44,1292.8,1419.77,4109392.696
456,2021-03-01,1419.96,1573.42,1411.1,1571.2,2727916.51
457,2021-03-02,1571.2,1604.85,1455.3,1486.28,2884922.074
458,2021-03-03,1486.24,1664.0,1475.0,1568.63,3055043.878
459,2021-03-04,1568.63,1626.0,1506.99,1540.69,3087612.251
460,2021-03-05,1540.7,1551.0,1441.57,1529.88,3051666.755
461,2021-03-06,1529.75,1674.02,1515.16,1651.73,2839191.599
462,2021-03-07,1651.9,1736.89,1631.59,1727.23,2570034.976
463,2021-03-08,1727.73,1844.57,1667.86,1834.3,3501989.878
464,2021-03-09,1834.47,1873.86,1801.0,1873.31,2460568.209
465,2021-03-10,1873.37,1882.59,1760.0,1796.8,3413199.591
466,2021-03-11,1796.8,1850.07,1725.96,1829.0,3061111.766
467,2021-03-12,1828.96,1846.59,1719.92,1767.44,2753218.247
468,2021-03-13,1767.32,1948.75,1729.33,1924.94,2763730.381
469,2021-03-14,1924.94,1935.88,1836.0,1850.54,2244662.581
470,2021-03-15,1850.5,1896.3,1729.2,1794.89,3297299.618
471,2021-03-16,1795.09,1819.76,1712.0,1807.25,2500648.806
472,2021-03-17,1807.25,1841.86,1741.95,1825.77,2164536.182
473,2021-03-18,1825.94,1853.0,1758.48,1777.54,1948941.621
474,2021-03-19,1777.55,1844.32,1733.09,1811.04,1807873.07
475,2021-03-20,1811.04,1873.84,1802.5,1807.35,1400240.86
476,2021-03-21,1807.43,1818.61,1745.02,1784.67,1569940.157
477,2021-03-22,1784.78,1809.59,1653.67,1681.69,2062250.384
478,2021-03-23,1681.66,1722.52,1652.58,1669.33,1875276.276
479,2021-03-24,1669.33,1742.43,1540.22,1582.11,2657346.906
480,2021-03-25,1582.01,1622.54,1548.56,1587.5,2454402.206
481,2021-03-26,1587.44,1701.19,1587.03,1699.13,1630204.715
482,2021-03-27,1699.21,1734.88,1668.3,1714.34,1412714.74
483,2021-03-28,1714.14,1727.5,1662.54,1688.3,1167051.376
484,2021-03-29,1688.31,1845.0,1680.04,1818.44,1936361.877
485,2021-03-30,1818.43,1863.79,1788.3,1843.43,1627666.888
486,2021-03-31,1843.43,1952.98,1771.85,1923.07,2721505.354
487,2021-04-01,1923.07,1989.11,1882.1,1969.74,2282765.6
488,2021-04-02,1969.75,2150.0,1949.94,2138.01,2782619.002
489,2021-04-03,2138.01,2144.17,2002.0,2012.63,2961945.62
490,2021-04-04,2012.64,2093.72,1980.0,2077.73,1628243.592
491,2021-04-05,2077.85,2138.61,2002.16,2110.35,2029400.255
492,2021-04-06,2110.39,2161.02,2043.89,2114.47,2216031.293
493,2021-04-07,2114.48,2133.02,1930.1,1965.4,3144081.502
494,2021-04-08,1965.4,2086.67,1950.0,2082.08,1653807.764
495,2021-04-09,2082.02,2104.83,2052.0,2068.02,1237414.829
496,2021-04-10,2068.02,2211.94,2059.03,2135.96,2077350.376
497,2021-04-11,2135.99,2171.07,2115.56,2155.05,1290245.975
498,2021-04-12,2155.07,2209.99,2101.96,2139.25,1659510.107
499,2021-04-13,2139.24,2324.0,2137.21,2303.15,2311955.605
500,2021-04-14,2303.15,2450.0,2286.04,2437.08,3370771.796
501,2021-04-15,2436.74,2548.6,2403.14,2519.85,2600911.507
502,2021-04-16,2519.85,2553.0,2298.23,2427.29,3505534.172
503,2021-04-17,2427.29,2499.26,2314.49,2319.8,2057149.939
504,2021-04-18,2319.93,2341.91,1900.0,2235.32,4275573.298
505,2021-04-19,2235.32,2278.58,2079.12,2162.75,3029523.224
506,2021-04-20,2162.76,2347.0,2052.42,2329.96,3393046.281
507,2021-04-21,2330.07,2470.0,2238.96,2358.9,3556266.081
508,2021-04-22,2359.41,2645.63,2305.0,2398.94,6698438.657
509,2021-04-23,2399.2,2443.66,2110.0,2368.67,6753400.874
510,2021-04-24,2368.66,2370.04,2156.58,2215.54,3424662.228
511,2021-04-25,2215.55,2357.0,2162.9,2320.71,3570867.777
512,2021-04-26,2320.71,2545.5,2303.42,2534.25,3507145.533
513,2021-04-27,2534.17,2683.42,2481.43,2668.39,2604067.05
514,2021-04-28,2668.28,2762.1,2562.83,2748.33,3857131.883
515,2021-04-29,2748.33,2798.0,2668.87,2759.14,2827431.929
516,2021-04-30,2759.15,2803.55,2726.88,2773.15,1961665.845
517,2021-05-01,2773.16,2958.91,2754.04,2947.01,2293998.885
518,2021-05-02,2947.0,2986.97,2856.7,2950.98,2080727.947
519,2021-05-03,2950.91,3459.8,2950.7,3433.36,5116980.548
520,2021-05-04,3433.7,3529.64,3160.01,3243.67,6940584.205
521,2021-05-05,3243.65,3552.74,3211.0,3528.49,3838631.919
522,2021-05-06,3528.74,3616.0,3380.25,3493.16,3041910.825
523,2021-05-07,3493.17,3592.0,3355.0,3480.98,2326172.061
524,2021-05-08,3480.98,3964.83,3451.74,3914.47,3128854.033
525,2021-05-09,3914.95,3985.55,3730.0,3928.01,3118238.261
526,2021-05-10,3927.83,4214.92,3658.0,3950.33,5052309.882
527,2021-05-11,3950.32,4183.52,3778.17,4175.91,3394479.287
528,2021-05-12,4175.85,4379.18,3723.43,3828.99,4928002.067
529,2021-05-13,3829.89,4036.45,3491.53,3719.45,5852199.813
530,2021-05-14,3719.44,4175.0,3692.99,4079.99,3063526.292
531,2021-05-15,4079.98,4137.21,3634.44,3648.98,3321250.207
532,2021-05-16,3649.01,3882.76,3348.0,3581.39,4223938.158
533,2021-05-17,3581.39,3587.0,3125.0,3283.58,5745286.6
534,2021-05-18,3283.23,3570.27,3240.06,3376.35,3842243.27
535,2021-05-19,3377.03,3446.24,1400.73,2442.98,10144417.228
536,2021-05-20,2444.02,2990.85,2150.0,2768.42,6097256.74
537,2021-05-21,2768.42,2940.0,2097.99,2431.01,6041584.187
538,2021-05-22,2431.24,2489.65,2151.63,2295.15,4564819.521
539,2021-05-23,2295.46,2383.41,1728.85,2096.63,7797669.636
540,2021-05-24,2096.62,2675.0,2079.0,2649.27,5714266.276
541,2021-05-25,2649.49,2750.0,2380.6,2706.83,5322472.943
542,2021-05-26,2706.82,2913.0,2642.87,2884.27,4052111.799
543,2021-05-27,2884.16,2893.03,2634.0,2742.77,3441489.934
544,2021-05-28,2742.77,2763.57,2324.48,2411.66,4733066.731
545,2021-05-29,2411.65,2577.04,2208.04,2277.99,4468023.064
546,2021-05-30,2277.99,2476.83,2179.13,2386.11,3642984.366
547,2021-05-31,2386.11,2721.51,2271.46,2706.33,4203920.413
548,2021-06-01,2706.46,2741.45,2523.82,2634.63,3779985.27
549,2021-06-02,2634.61,2804.04,2551.03,2707.22,3026897.821
550,2021-06-03,2707.03,2892.23,2662.0,2858.34,3561113.235
551,2021-06-04,2858.34,2861.53,2540.61,2689.21,4343826.882
552,2021-06-05,2689.41,2817.43,2550.77,2627.45,3876375.64
553,2021-06-06,2627.44,2744.0,2613.11,2711.4,2719341.885
554,2021-06-07,2711.3,2849.65,2569.3,2592.96,4175255.701
555,2021-06-08,2592.51,2621.27,2305.5,2506.19,6567894.086
556,2021-06-09,2506.13,2627.38,2404.01,2610.2,5127988.288
557,2021-06-10,2610.2,2624.79,2423.36,2471.11,3151629.315
558,2021-06-11,2471.05,2497.94,2320.0,2354.25,2932342.336
559,2021-06-12,2354.25,2452.79,2255.42,2370.59,3349184.786
560,2021-06-13,2370.61,2548.0,2307.41,2508.71,2999871.755
561,2021-06-14,2508.56,2608.53,2460.0,2579.82,2592645.352
562,2021-06-15,2579.8,2639.99,2506.81,2544.17,2609572.986
563,2021-06-16,2544.28,2557.54,2350.0,2366.84,2715755.789
564,2021-06-17,2366.84,2459.77,2304.15,2372.51,2805257.77
565,2021-06-18,2372.5,2376.94,2135.04,2231.68,3783368.698
566,2021-06-19,2231.68,2280.0,2160.0,2163.36,2905034.112
567,2021-06-20,2163.36,2277.0,2038.94,2242.7,4117443.373
568,2021-06-21,2242.7,2259.27,1864.36,1884.77,8408243.758
569,2021-06-22,1884.75,1997.8,1698.64,1878.46,7629543.365
570,2021-06-23,1878.46,2044.35,1820.3,1966.51,4071236.262
571,2021-06-24,1966.48,2036.0,1883.47,1989.5,3069218.028
572,2021-06-25,1989.5,2020.0,1790.0,1808.0,4807609.447
573,2021-06-26,1808.0,1852.95,1715.0,1828.88,4547442.9
574,2021-06-27,1828.86,1984.61,1805.0,1980.83,3643084.635
575,2021-06-28,1981.0,2146.91,1960.31,2083.56,5085737.209
576,2021-06-29,2083.55,2244.33,2073.0,2165.15,4249854.368
577,2021-06-30,2165.03,2290.0,2087.23,2275.0,4574440.196
578,2021-07-01,2274.99,2275.68,2066.0,2105.24,4469383.028
579,2021-07-02,2105.23,2160.0,2016.43,2152.64,3889555.868
580,2021-07-03,2152.64,2239.0,2112.03,2226.63,2965805.065
581,2021-07-04,2226.71,2390.0,2188.0,2321.95,3200803.958
582,2021-07-05,2322.13,2324.22,2155.04,2195.38,4496599.633
583,2021-07-06,2195.38,2349.92,2191.24,2322.04,4197100.45
584,2021-07-07,2321.82,2410.0,2292.94,2314.65,3113882.674
585,2021-07-08,2314.64,2326.58,2082.07,2114.88,4154305.408
586,2021-07-09,2114.81,2189.27,2045.0,2147.53,4166847.297
587,2021-07-10,2147.4,2195.0,2073.0,2111.14,2803372.98
588,2021-07-11,2111.14,2175.0,2080.0,2140.27,2154716.197
589,2021-07-12,2140.26,2167.95,2003.4,2030.85,2941659.373
590,2021-07-13,2030.78,2048.97,1916.0,1940.32,3641617.739
591,2021-07-14,1940.31,2018.55,1862.32,1993.82,4274762.909
592,2021-07-15,1993.82,2042.1,1880.29,1919.35,3891662.256
593,2021-07-16,1919.36,1965.85,1846.0,1876.1,3797831.436
594,2021-07-17,1876.09,1919.0,1841.0,1898.55,3169044.845
595,2021-07-18,1898.55,1994.26,1875.0,1890.66,3350134.623
596,2021-07-19,1890.8,1917.82,1801.0,1818.4,3317206.573
597,2021-07-20,1818.4,1841.34,1715.0,1785.04,4510417.88
598,2021-07-21,1785.2,2038.0,1752.35,1995.49,5466949.512
599,2021-07-22,1995.5,2046.0,1945.0,2023.55,3739570.52
600,2021-07-23,2024.0,2131.96,1995.02,2124.33,3237000.868
601,2021-07-24,2124.34,2198.0,2105.4,2183.53,2900599.605
602,2021-07-25,2183.54,2197.0,2106.12,2188.11,2654022.719
603,2021-07-26,2188.15,2433.53,2170.03,2227.41,5648553.005
604,2021-07-27,2227.44,2319.0,2150.0,2298.04,4077823.745
605,2021-07-28,2298.05,2345.54,2242.2,2300.08,3309639.002
606,2021-07-29,2300.12,2406.44,2263.33,2382.45,2369811.378
607,2021-07-30,2382.45,2473.99,2316.03,2461.72,3555703.039
608,2021-07-31,2461.52,2553.8,2421.76,2530.49,2363945.704
609,2021-08-01,2530.37,2699.0,2511.88,2554.71,4203633.648
610,2021-08-02,2554.72,2666.91,2506.11,2607.09,3757454.702
611,2021-08-03,2607.09,2633.27,2441.0,2506.87,4035094.388
612,2021-08-04,2506.5,2775.06,2456.83,2725.0,4639321.233
613,2021-08-05,2725.0,2845.9,2527.0,2826.8,6430648.209
614,2021-08-06,2826.81,2948.36,2720.31,2892.3,3957430.19
615,2021-08-07,2892.29,3176.0,2865.45,3163.26,5211893.648
616,2021-08-08,3163.26,3195.67,2950.45,3014.06,4207474.0
617,2021-08-09,3014.06,3190.8,2890.03,3163.43,4997024.855
618,2021-08-10,3163.43,3239.13,3053.24,3143.98,4011325.684
619,2021-08-11,3143.97,3279.78,3120.69,3161.52,3248054.689
620,2021-08-12,3161.52,3241.57,2981.0,3046.74,3651234.966
621,2021-08-13,3046.63,3332.88,3034.35,3324.12,3291401.802
622,2021-08-14,3324.12,3337.99,3210.0,3266.31,2307338.73
623,2021-08-15,3266.31,3326.0,3109.0,3312.31,2863557.025
624,2021-08-16,3312.31,3343.0,3133.33,3146.83,2823441.625
625,2021-08-17,3146.82,3294.23,2992.0,3014.64,3583054.432
626,2021-08-18,3014.63,3125.92,2950.0,3014.25,2914764.091
627,2021-08-19,3014.31,3194.0,2958.8,3186.8,2795287.664
628,2021-08-20,3186.76,3308.26,3180.0,3286.62,2223015.324
629,2021-08-21,3286.65,3313.9,3207.12,3226.4,1838074.781
630,2021-08-22,3226.39,3276.42,3124.35,3241.29,1773220.917
631,2021-08-23,3241.29,3383.0,3233.07,3323.01,2430852.991
632,2021-08-24,3323.0,3362.0,3145.0,3173.98,2520587.128
633,2021-08-25,3173.99,3249.0,3078.52,3227.9,2405504.816
634,2021-08-26,3227.9,3254.0,3052.0,3093.77,2360877.641
635,2021-08-27,3093.81,3283.0,3061.44,3273.91,2227370.879
636,2021-08-28,3274.12,3288.22,3209.93,3247.29,1124796.339
637,2021-08-29,3247.47,3291.7,3150.5,3225.47,1642534.292
638,2021-08-30,3225.47,3350.0,3142.38,3230.43,2535431.803
639,2021-08-31,3230.42,3478.0,3187.85,3430.49,3605871.087
640,2021-09-01,3430.49,3849.0,3381.23,3831.44,3339812.397
641,2021-09-02,3831.42,3843.21,3723.87,3788.95,1997427.18
642,2021-09-03,3788.94,4036.44,3710.77,3942.79,2643680.21
643,2021-09-04,3942.83,3976.59,3835.0,3889.71,1508907.058
644,2021-09-05,3889.95,3991.25,3837.0,3952.56,1483337.994
645,2021-09-06,3952.56,3976.6,3864.27,3929.0,1471495.586
646,2021-09-07,3929.01,3952.53,2923.0,3435.0,4947996.791
647,2021-09-08,3435.0,3562.25,3217.01,3497.99,2986177.27
648,2021-09-09,3497.68,3570.34,3390.0,3426.42,1980923.9
649,2021-09-10,3426.43,3517.91,3143.2,3209.84,2299854.907
650,2021-09-11,3209.85,3349.17,3199.26,3267.23,1413713.591
651,2021-09-12,3267.28,3474.95,3230.84,3405.21,1518234.911
652,2021-09-13,3405.65,3432.12,3107.02,3284.41,2654865.254
653,2021-09-14,3284.17,3438.0,3269.25,3435.42,1536142.673
654,2021-09-15,3435.29,3620.0,3358.08,3614.72,1652816.482
655,2021-09-16,3614.71,3678.0,3482.0,3570.46,1879717.934
656,2021-09-17,3570.46,3597.52,3350.0,3400.99,1665745.301
657,2021-09-18,3401.0,3546.0,3370.25,3435.35,1392166.948
658,2021-09-19,3435.36,3459.0,3275.0,3328.72,1409270.892
659,2021-09-20,3328.99,3347.99,2907.07,2978.34,3894855.847
660,2021-09-21,2978.34,3108.17,2647.8,2765.48,4287819.594
661,2021-09-22,2765.47,3088.88,2736.57,3076.62,2674294.104
662,2021-09-23,3076.62,3173.99,3032.77,3150.7,1943658.778
663,2021-09-24,3150.7,3157.5,2731.0,2926.37,3728806.998
664,2021-09-25,2926.36,2967.32,2800.0,2921.08,2234473.056
665,2021-09-26,2921.08,3116.84,2737.19,3057.63,2764303.968
666,2021-09-27,3057.62,3163.9,2920.22,2923.6,2027218.619
667,2021-09-28,2923.59,2969.0,2781.0,2803.5,2369096.762
668,2021-09-29,2803.34,2949.0,2780.0,2848.38,1856317.865
669,2021-09-30,2848.38,3049.3,2835.29,2999.45,2159101.897
670,2021-10-01,2999.45,3331.56,2967.1,3308.58,2414202.176
671,2021-10-02,3308.59,3471.58,3257.05,3387.25,1587338.885
672,2021-10-03,3387.24,3489.22,3340.0,3418.25,1314004.609
673,2021-10-04,3418.21,3440.0,3268.81,3386.12,1961769.087
674,2021-10-05,3386.12,3549.9,3363.56,3517.64,1476768.109
675,2021-10-06,3517.64,3638.0,3339.67,3576.85,2134235.566
676,2021-10-07,3576.9,3659.98,3470.37,3589.85,1809003.003
677,2021-10-08,3589.85,3675.41,3531.0,3563.81,1501949.85
678,2021-10-09,3563.82,3639.0,3538.1,3577.8,907875.164
679,2021-10-10,3577.65,3607.55,3402.12,3415.01,1518799.428
680,2021-10-11,3415.01,3629.0,3368.0,3543.1,1874616.227
681,2021-10-12,3543.09,3549.82,3404.0,3492.91,1986800.415
682,2021-10-13,3492.9,3618.0,3412.29,3610.05,1635415.204
683,2021-10-14,3610.24,3830.0,3590.02,3794.19,1736537.63
684,2021-10-15,3794.18,3915.0,3737.13,3872.71,1828015.586
685,2021-10-16,3872.7,3980.0,3801.38,3833.3,1398494.278
686,2021-10-17,3833.29,3925.95,3634.32,3851.01,1611014.925
687,2021-10-18,3851.17,3898.94,3675.5,3748.31,1768303.025
688,2021-10-19,3748.1,3893.0,3734.93,3881.48,1769755.526
689,2021-10-20,3881.49,4173.5,3830.0,4164.14,2278334.962
690,2021-10-21,4164.13,4389.6,4006.83,4057.26,3807814.197
691,2021-10-22,4057.26,4172.52,3888.0,3975.56,2113125.983
692,2021-10-23,3975.55,4177.27,3940.6,4170.5,1494374.557
693,2021-10-24,4170.5,4191.72,3962.86,4084.61,1501860.773
694,2021-10-25,4084.6,4240.03,4071.37,4224.14,1389123.02
695,2021-10-26,4224.13,4306.61,4092.0,4133.39,1665700.699
696,2021-10-27,4133.37,4319.0,3900.0,3923.57,2642128.851
697,2021-10-28,3923.58,4300.0,3887.75,4288.96,2233903.498
698,2021-10-29,4288.91,4467.89,4269.16,4421.53,1862409.48
699,2021-10-30,4421.53,4438.85,4230.55,4324.82,1145688.807
700,2021-10-31,4324.82,4399.22,4161.0,4288.86,1308821.315
701,2021-11-01,4288.87,4385.57,4145.0,4322.72,1541230.772
702,2021-11-02,4322.72,4604.96,4286.67,4593.88,1477069.747
703,2021-11-03,4593.17,4676.0,4456.0,4606.59,1476260.698
704,2021-11-04,4606.59,4611.23,4423.09,4535.37,1202357.813
705,2021-11-05,4535.38,4575.0,4445.1,4477.29,967384.995
706,2021-11-06,4477.29,4538.29,4325.91,4521.4,1062427.875
707,2021-11-07,4521.7,4642.76,4505.41,4616.5,832391.585
708,2021-11-08,4616.51,4830.66,4615.21,4814.3,1214445.239
709,2021-11-09,4814.13,4844.97,4714.83,4734.98,1151973.219
710,2021-11-10,4734.99,4877.54,4450.0,4632.21,1848828.004
711,2021-11-11,4632.42,4783.12,4580.9,4721.19,1146003.874
712,2021-11-12,4721.19,4811.0,4508.0,4665.99,1671025.399
713,2021-11-13,4665.99,4708.0,4585.11,4644.42,812743.805
714,2021-11-14,4644.42,4700.0,4515.84,4629.44,947148.676
715,2021-11-15,4629.75,4771.83,4541.44,4567.01,1351110.691
716,2021-11-16,4567.01,4567.07,4077.0,4209.42,2734039.543
717,2021-11-17,4209.42,4300.0,4062.0,4287.99,1860601.927
718,2021-11-18,4288.0,4343.33,3957.96,3997.72,2286170.467
719,2021-11-19,3997.72,4309.04,3973.14,4293.44,1514406.552
720,2021-11-20,4293.44,4436.01,4202.24,4412.55,1143613.53
721,2021-11-21,4412.37,4425.73,4242.0,4259.23,996488.568
722,2021-11-22,4259.28,4327.75,4019.35,4086.57,1891091.913
723,2021-11-23,4086.41,4387.0,4059.55,4341.36,1636864.585
724,2021-11-24,4341.36,4377.0,4170.38,4271.29,1365898.959
725,2021-11-25,4271.29,4558.29,4250.34,4527.86,1247655.55
726,2021-11-26,4528.2,4555.0,3911.0,4040.66,2657050.069
727,2021-11-27,4040.66,4182.66,4027.32,4095.33,1008009.177
728,2021-11-28,4095.33,4301.07,3958.58,4296.6,1512818.39
729,2021-11-29,4297.01,4460.0,4280.0,4445.1,1432921.208
730,2021-11-30,4445.09,4757.8,4347.9,4631.51,2573876.207
731,2021-12-01,4631.43,4783.19,4528.5,4586.66,1861557.163
732,2021-12-02,4586.67,4636.86,4435.76,4514.32,1767131.692
733,2021-12-03,4514.32,4658.0,4004.0,4213.66,2648380.12
734,2021-12-04,4213.67,4237.2,3388.15,4115.79,3531695.892
735,2021-12-05,4115.79,4247.19,4033.0,4197.53,1909767.851
736,2021-12-06,4197.52,4377.58,3920.0,4345.2,2601175.77
737,2021-12-07,4345.44,4425.0,4255.27,4305.82,1388803.726
738,2021-12-08,4305.83,4454.6,4224.98,4435.33,1443466.295
739,2021-12-09,4435.7,4490.97,4075.0,4103.8,1905332.516
740,2021-12-10,4103.8,4232.0,3882.84,3895.95,2123045.506
741,2021-12-11,3895.85,4094.82,3831.01,4089.81,1729754.927
742,2021-12-12,4088.86,4173.37,3985.0,4129.0,1044691.201
743,2021-12-13,4129.16,4142.0,3668.34,3780.63,2252296.914
744,2021-12-14,3780.33,3879.13,3682.0,3856.66,1718001.41
745,2021-12-15,3856.67,4096.0,3639.39,4019.01,2415815.067
746,2021-12-16,4019.01,4118.47,3951.14,3958.67,1603846.854
747,2021-12-17,3958.7,3992.99,3694.2,3873.93,2112402.041
748,2021-12-18,3872.98,3997.39,3764.96,3957.64,1306368.673
749,2021-12-19,3957.65,4034.99,3881.89,3922.51,1402356.037
750,2021-12-20,3922.51,3981.48,3750.0,3943.48,1741509.419
751,2021-12-21,3943.64,4063.0,3912.26,4014.38,1246421.469
752,2021-12-22,4014.38,4074.99,3924.36,3978.62,1076095.044
753,2021-12-23,3978.63,4153.71,3888.87,4111.3,1586935.899
754,2021-12-24,4111.31,4133.38,4014.45,4045.0,1026594.079
755,2021-12-25,4045.19,4138.47,4015.0,4093.87,890361.594
756,2021-12-26,4093.88,4104.84,4002.0,4062.24,767517.751
757,2021-12-27,4062.4,4126.0,4030.06,4037.36,837344.643
758,2021-12-28,4037.35,4037.36,3756.26,3791.99,1675203.532
759,2021-12-29,3792.0,3825.91,3600.45,3628.55,1318187.731
760,2021-12-30,3628.49,3766.71,3580.0,3708.37,1023870.718
761,2021-12-31,3708.45,3814.95,3621.32,3676.02,1343940.174
762,2022-01-01,3676.01,3776.33,3671.86,3763.06,755619.793
763,2022-01-02,3763.05,3860.0,3714.48,3826.21,740079.43
764,2022-01-03,3826.1,3850.0,3680.0,3764.07,999879.353
765,2022-01-04,3764.07,3893.19,3711.0,3785.6,1253780.69
766,2022-01-05,3785.6,3847.18,3405.0,3537.71,1813981.948
767,2022-01-06,3537.81,3549.11,3292.31,3404.6,1840489.348
768,2022-01-07,3404.61,3415.35,3040.77,3196.58,2855226.352
769,2022-01-08,3196.58,3248.03,2996.45,3080.03,1859886.155
770,2022-01-09,3079.86,3209.4,3057.0,3150.0,1230848.792
771,2022-01-10,3149.99,3179.16,2924.78,3081.31,2322294.565
772,2022-01-11,3081.25,3262.66,3050.58,3236.86,1533503.746
773,2022-01-12,3236.86,3411.0,3203.85,3369.93,1435454.649
774,2022-01-13,3369.92,3408.89,3230.97,3240.36,1374273.064
775,2022-01-14,3240.32,3342.63,3181.2,3305.6,1309794.267
776,2022-01-15,3305.61,3372.0,3257.59,3324.05,809020.133
777,2022-01-16,3324.06,3394.62,3269.01,3345.49,934941.801
778,2022-01-17,3345.5,3355.3,3139.37,3208.61,1440138.934
779,2022-01-18,3208.6,3243.95,3080.5,3159.32,1589444.667
780,2022-01-19,3159.31,3174.6,3045.0,3082.81,1668517.082
781,2022-01-20,3082.8,3272.24,2985.0,2999.92,1880719.448
782,2022-01-21,2999.92,3031.9,2460.0,2566.91,4517274.359
783,2022-01-22,2566.91,2625.6,2293.56,2410.96,4662398.873
784,2022-01-23,2410.57,2549.0,2368.0,2538.41,2371974.868
785,2022-01-24,2538.4,2539.59,2151.0,2438.13,4694300.254
786,2022-01-25,2437.87,2504.98,2349.6,2457.37,2325976.562
787,2022-01-26,2457.37,2720.06,2400.01,2461.61,3370868.336
788,2022-01-27,2461.62,2520.0,2314.33,2422.61,2706734.602
789,2022-01-28,2422.61,2556.93,2357.0,2543.34,2394675.788
790,2022-01-29,2543.34,2658.41,2519.21,2599.94,1522389.395
791,2022-01-30,2599.93,2644.93,2541.46,2600.45,1322236.477
792,2022-01-31,2600.45,2706.47,2475.33,2685.34,2119778.986
793,2022-02-01,2685.34,2812.94,2672.61,2786.38,2054796.845
794,2022-02-02,2786.37,2810.0,2610.4,2678.0,2354857.007
795,2022-02-03,2678.47,2722.99,2572.64,2694.37,2171742.641
796,2022-02-04,2694.2,2995.0,2670.14,2993.65,2953883.898
797,2022-02-05,2993.64,3059.91,2958.01,3011.59,1557391.545
798,2022-02-06,3011.58,3075.0,2948.0,3054.26,1151529.849
799,2022-02-07,3054.26,3185.99,2990.83,3138.55,1920591.918
800,2022-02-08,3138.55,3246.65,3023.28,3115.23,2122006.982
801,2022-02-09,3115.23,3269.16,3052.5,3241.82,1571485.369
802,2022-02-10,3241.79,3282.96,3055.24,3070.9,2672791.971
803,2022-02-11,3070.89,3136.55,2873.5,2926.04,2333468.434
804,2022-02-12,2926.03,2983.62,2855.0,2916.93,1869241.526
805,2022-02-13,2917.04,2952.66,2830.31,2870.32,1277486.697
806,2022-02-14,2870.33,2964.44,2829.8,2928.87,1815960.443
807,2022-02-15,2928.87,3198.0,2911.85,3183.73,1856076.117
808,2022-02-16,3183.74,3186.79,3040.42,3121.8,1733462.418
809,2022-02-17,3121.8,3158.68,2850.0,2890.8,2632604.386
810,2022-02-18,2890.75,2941.94,2750.0,2778.46,2162941.471
811,2022-02-19,2778.46,2829.99,2691.0,2761.89,1546343.886
812,2022-02-20,2761.9,2762.89,2573.33,2620.72,2242471.273
813,2022-02-21,2620.72,2758.0,2555.56,2566.88,3985389.094
814,2022-02-22,2566.88,2670.0,2495.0,2635.57,3195802.792
815,2022-02-23,2635.57,2752.38,2573.39,2578.02,2704599.315
816,2022-02-24,2578.02,2777.33,2298.72,2595.47,6227786.305
817,2022-02-25,2595.47,2835.0,2571.68,2766.36,2936418.882
818,2022-02-26,2766.42,2882.0,2726.0,2778.15,1852287.146
819,2022-02-27,2778.15,2836.21,2553.68,2615.99,2948786.157
820,2022-02-28,2615.99,2966.0,2565.0,2920.1,3405929.703
821,2022-03-01,2920.05,3036.0,2852.2,2975.61,2903119.452
822,2022-03-02,2975.61,3046.46,2912.96,2947.47,2628094.604
823,2022-03-03,2947.48,2970.0,2781.77,2832.97,2068430.471
824,2022-03-04,2832.98,2835.9,2570.65,2620.25,2431616.203
825,2022-03-05,2620.25,2684.87,2588.0,2663.55,1085460.56
826,2022-03-06,2663.55,2674.61,2529.0,2549.37,1394552.348
827,2022-03-07,2549.36,2650.0,2431.62,2489.9,2690724.432
828,2022-03-08,2489.84,2623.0,2478.35,2575.49,2643188.688
829,2022-03-09,2575.5,2773.17,2566.41,2726.37,2075382.606
830,2022-03-10,2726.37,2733.37,2546.83,2605.44,2036842.087
831,2022-03-11,2605.43,2676.2,2520.5,2555.89,2046135.535
832,2022-03-12,2555.9,2620.0,2552.22,2567.64,835243.91
833,2022-03-13,2567.63,2604.13,2490.25,2514.07,1153034.412
834,2022-03-14,2513.77,2609.32,2496.85,2588.96,1700607.097
835,2022-03-15,2588.96,2668.8,2504.5,2617.29,2010933.59
836,2022-03-16,2617.29,2789.86,2602.06,2772.78,2671403.544
837,2022-03-17,2772.78,2839.0,2745.33,2810.74,1388608.329
838,2022-03-18,2810.75,2984.72,2760.0,2938.02,2012338.322
839,2022-03-19,2938.03,2992.0,2890.6,2950.0,1138322.115
840,2022-03-20,2949.9,2965.0,2817.49,2860.47,1437020.801
841,2022-03-21,2860.53,2960.0,2830.5,2889.08,1686819.608
842,2022-03-22,2889.07,3055.9,2885.49,2968.49,1797753.573
843,2022-03-23,2968.48,3043.69,2915.51,3035.55,1781378.735
844,2022-03-24,3035.54,3129.75,3001.0,3109.89,2081151.644
845,2022-03-25,3109.89,3195.0,3075.0,3101.37,2007262.806
846,2022-03-26,3101.37,3152.24,3084.03,3143.47,760414.286
847,2022-03-27,3143.47,3299.33,3125.26,3295.01,1243196.793
848,2022-03-28,3295.01,3430.0,3274.3,3333.62,1780150.955
849,2022-03-29,3333.62,3480.0,3330.32,3399.0,1928941.55
850,2022-03-30,3399.0,3447.74,3332.0,3385.1,1512369.419
851,2022-03-31,3385.09,3444.6,3260.84,3281.43,1815474.754
852,2022-04-01,3281.43,3483.12,3210.06,3454.33,2109764.119
853,2022-04-02,3454.33,3533.0,3430.2,3443.07,1652414.36
854,2022-04-03,3443.06,3580.0,3411.9,3520.76,1431228.504
855,2022-04-04,3520.65,3551.55,3405.03,3518.96,1653737.507
856,2022-04-05,3518.97,3554.99,3388.97,3405.04,1487565.105
857,2022-04-06,3405.03,3406.08,3160.19,3166.78,2622721.98
858,2022-04-07,3166.77,3267.58,3140.33,3225.15,1752183.226
859,2022-04-08,3225.0,3315.0,3171.95,3191.26,1958267.702
860,2022-04-09,3191.27,3269.62,3180.24,3257.53,909857.465
861,2022-04-10,3257.54,3307.21,3187.0,3200.24,1000563.67
862,2022-04-11,3200.24,3212.0,2945.08,2978.69,2565570.206
863,2022-04-12,2978.69,3082.0,2948.19,3026.3,1863628.985
864,2022-04-13,3026.31,3133.0,2995.23,3116.45,1652978.477
865,2022-04-14,3116.53,3148.0,2973.47,3019.82,1505522.162
866,2022-04-15,3019.82,3062.81,2990.06,3039.19,923299.874
867,2022-04-16,3039.2,3090.0,3008.08,3057.99,652575.022
868,2022-04-17,3058.0,3082.56,2980.6,2986.03,1075168.023
869,2022-04-18,2986.02,3069.0,2875.87,3054.02,1815827.195
870,2022-04-19,3054.02,3129.43,3027.66,3100.42,1194169.089
871,2022-04-20,3100.43,3173.89,3031.48,3074.01,1393841.93
872,2022-04-21,3073.96,3180.0,2933.33,2981.31,1801732.011
873,2022-04-22,2981.31,3035.37,2930.26,2960.38,1476858.769
874,2022-04-23,2960.39,2976.82,2904.36,2930.28,615769.147
875,2022-04-24,2930.28,2967.2,2908.99,2918.97,847760.075
876,2022-04-25,2918.98,3026.02,2791.3,3006.11,2207537.517
877,2022-04-26,3006.12,3043.0,2761.27,2807.88,2115673.365
878,2022-04-27,2807.89,2920.0,2792.27,2887.57,1889647.276
879,2022-04-28,2887.57,2979.76,2853.24,2935.39,1925868.923
880,2022-04-29,2935.39,2946.29,2776.0,2815.37,1671919.811
881,2022-04-30,2815.38,2841.04,2711.65,2725.1,1115770.231
882,2022-05-01,2725.1,2849.0,2714.5,2823.38,1217450.891
883,2022-05-02,2823.38,2882.15,2774.97,2855.16,1598694.15
884,2022-05-03,2855.15,2860.76,2753.0,2780.91,1170566.655
885,2022-05-04,2780.92,2965.0,2770.08,2939.76,1716921.512
886,2022-05-05,2939.76,2955.79,2684.84,2746.37,2174369.003
887,2022-05-06,2746.36,2757.28,2630.0,2691.59,1917392.823
888,2022-05-07,2691.6,2703.61,2581.89,2634.82,963077.904
889,2022-05-08,2634.82,2641.11,2480.0,2518.9,1999269.154
890,2022-05-09,2519.03,2530.88,2222.46,2227.48,4531752.048
891,2022-05-10,2227.62,2455.88,2197.38,2340.86,4079487.756
892,2022-05-11,2340.85,2451.86,2002.0,2083.98,5826464.141
893,2022-05-12,2083.98,2193.7,1775.43,1959.78,5639772.981
894,2022-05-13,1959.79,2149.99,1939.33,2008.49,2799355.876
895,2022-05-14,2008.48,2068.6,1950.07,2055.0,1712302.978
896,2022-05-15,2054.99,2174.32,2000.0,2144.07,1621232.284
897,2022-05-16,2144.06,2144.07,1976.0,2022.89,2642704.669
898,2022-05-17,2022.79,2124.1,2006.71,2090.0,1960680.703
899,2022-05-18,2090.0,2110.89,1906.61,1914.2,2331823.162
900,2022-05-19,1914.19,2039.3,1901.7,2019.46,2582771.916
901,2022-05-20,2019.45,2064.74,1922.0,1958.69,2606153.056
902,2022-05-21,1958.69,1990.75,1935.52,1973.94,1160939.76
903,2022-05-22,1973.94,2056.73,1965.25,2042.63,1433318.968
904,2022-05-23,2042.63,2088.6,1955.01,1972.45,2340762.693
905,2022-05-24,1972.45,1993.72,1911.38,1978.56,2077293.838
906,2022-05-25,1978.56,2022.74,1933.0,1942.0,2151769.493
907,2022-05-26,1942.01,1965.28,1725.0,1791.02,4404820.882
908,2022-05-27,1790.99,1821.85,1694.97,1726.55,4743622.208
909,2022-05-28,1726.55,1809.33,1721.3,1791.74,2072895.705
910,2022-05-29,1791.75,1829.0,1755.25,1812.45,1640982.631
911,2022-05-30,1812.46,2013.56,1801.52,1997.87,3264009.122
912,2022-05-31,1997.87,2016.77,1922.0,1941.68,2655076.664
913,2022-06-01,1941.68,1972.77,1758.52,1817.1,3499271.987
914,2022-06-02,1817.16,1852.99,1780.48,1833.37,2390879.573
915,2022-06-03,1833.37,1843.33,1733.01,1774.15,2363750.458
916,2022-06-04,1774.16,1815.48,1747.45,1803.71,1318917.819
917,2022-06-05,1803.7,1830.0,1772.19,1805.39,1432385.263
918,2022-06-06,1805.4,1919.33,1803.52,1859.11,2917516.33
919,2022-06-07,1859.1,1875.0,1722.0,1812.61,4087315.102
920,2022-06-08,1812.62,1840.13,1763.87,1791.02,2628755.953
921,2022-06-09,1791.01,1832.7,1776.32,1788.03,1839669.689
922,2022-06-10,1788.03,1803.82,1650.0,1661.95,3608897.284
923,2022-06-11,1661.95,1680.97,1498.93,1532.19,4960438.976
924,2022-06-12,1532.19,1548.81,1421.0,1434.35,6016472.456
925,2022-06-13,1434.35,1454.58,1162.0,1209.04,17351785.758
926,2022-06-14,1209.03,1268.9,1073.0,1208.32,12336657.753
927,2022-06-15,1208.32,1249.4,1012.42,1236.49,15639610.636
928,2022-06-16,1236.48,1257.29,1050.51,1067.77,8764835.417
929,2022-06-17,1067.77,1118.0,1050.0,1085.99,6582676.581
930,2022-06-18,1085.99,1097.0,878.04,994.09,11387513.195
931,2022-06-19,994.09,1162.98,935.5,1127.88,10406484.218
932,2022-06-20,1127.88,1174.0,1052.05,1127.83,8647003.105
933,2022-06-21,1127.82,1194.0,1108.63,1125.47,6719191.952
934,2022-06-22,1125.47,1126.81,1042.0,1049.4,6439701.679
935,2022-06-23,1049.41,1156.01,1044.16,1143.71,5945329.708
936,2022-06-24,1143.71,1244.94,1131.36,1224.42,6052742.304
937,2022-06-25,1224.42,1258.0,1179.03,1241.6,4537650.045
938,2022-06-26,1241.6,1280.0,1193.54,1197.21,4564404.562
939,2022-06-27,1197.2,1238.89,1172.14,1191.9,4630510.301
940,2022-06-28,1191.89,1239.66,1135.65,1143.5,5830850.719
941,2022-06-29,1143.51,1156.76,1085.6,1099.32,6255310.525
942,2022-06-30,1099.33,1106.6,995.0,1070.85,8433372.481
943,2022-07-01,1070.9,1118.21,1032.65,1059.24,7465681.271
944,2022-07-02,1059.16,1078.98,1026.16,1066.53,3974288.532
945,2022-07-03,1066.53,1088.0,1040.01,1073.9,3749708.763
946,2022-07-04,1073.91,1160.68,1044.33,1150.23,5930747.625
947,2022-07-05,1150.23,1176.0,1075.0,1131.8,7139408.684
948,2022-07-06,1131.81,1205.45,1111.03,1186.37,6534667.739
949,2022-07-07,1186.36,1254.82,1162.93,1236.92,5320583.171
950,2022-07-08,1236.91,1277.0,1192.0,1213.53,6498615.367
951,2022-07-09,1213.53,1236.87,1203.75,1216.48,2797190.032
952,2022-07-10,1216.49,1219.5,1152.0,1167.81,3568244.792
953,2022-07-11,1167.81,1170.97,1091.1,1095.95,4532538.359
954,2022-07-12,1095.88,1097.51,1032.09,1037.88,5644661.921
955,2022-07-13,1037.88,1120.0,1005.0,1114.19,8490574.12
956,2022-07-14,1114.18,1216.9,1070.57,1193.01,7455813.799
957,2022-07-15,1193.01,1294.99,1180.74,1230.58,7636816.255
958,2022-07-16,1230.59,1440.57,1191.41,1355.37,8366413.063
959,2022-07-17,1355.38,1387.92,1316.0,1338.27,6374217.855
960,2022-07-18,1338.28,1597.19,1335.49,1580.12,9898091.92
961,2022-07-19,1580.12,1640.0,1492.57,1541.39,9494246.978
962,2022-07-20,1541.4,1620.0,1477.0,1521.34,8184052.839
963,2022-07-21,1521.26,1607.0,1462.3,1575.39,7325264.216
964,2022-07-22,1575.38,1646.3,1515.75,1534.53,6728238.217
965,2022-07-23,1534.53,1596.72,1485.53,1548.01,5150014.938
966,2022-07-24,1548.01,1664.9,1543.45,1597.77,6366445.957
967,2022-07-25,1597.77,1609.26,1433.2,1440.4,8130738.376
968,2022-07-26,1440.4,1455.0,1355.0,1448.27,7673932.806
969,2022-07-27,1448.28,1644.66,1420.22,1635.45,9108934.438
970,2022-07-28,1635.46,1784.5,1595.0,1723.82,9638750.264
971,2022-07-29,1723.83,1766.3,1656.0,1721.85,8322821.761
972,2022-07-30,1721.85,1744.0,1671.0,1696.68,4893669.344
973,2022-07-31,1696.68,1755.55,1666.0,1677.63,4341013.588
974,2022-08-01,1677.63,1704.32,1605.5,1629.45,5621692.061
975,2022-08-02,1629.45,1678.0,1557.8,1629.97,8048319.82
976,2022-08-03,1629.98,1685.91,1588.5,1617.37,5772165.287
977,2022-08-04,1617.37,1664.28,1580.0,1607.2,6186609.903
978,2022-08-05,1607.2,1743.4,1605.0,1737.13,7645714.788
979,2022-08-06,1737.12,1751.0,1685.03,1689.85,3673770.096
980,2022-08-07,1689.84,1729.39,1667.0,1699.25,3426181.998
981,2022-08-08,1699.25,1819.78,1693.15,1776.09,6333566.586
982,2022-08-09,1776.08,1790.0,1666.05,1702.04,6330296.526
983,2022-08-10,1702.04,1886.75,1655.0,1853.24,9215939.763
984,2022-08-11,1853.25,1943.0,1849.8,1879.35,7873808.723
985,2022-08-12,1879.35,1964.46,1852.0,1957.4,5535344.089
986,2022-08-13,1957.4,2019.0,1945.5,1982.8,5390461.793
987,2022-08-14,1982.79,2030.0,1905.0,1934.55,4960301.502
988,2022-08-15,1934.56,2012.94,1871.0,1898.56,7812767.162
989,2022-08-16,1898.55,1915.0,1850.0,1875.78,6218534.016
990,2022-08-17,1875.79,1957.7,1818.01,1833.55,8253584.13
991,2022-08-18,1833.55,1882.0,1820.11,1845.86,5330045.147
992,2022-08-19,1845.86,1847.65,1601.85,1608.29,10707278.713
993,2022-08-20,1608.29,1657.0,1520.64,1574.93,7333793.524
994,2022-08-21,1574.92,1648.7,1560.0,1617.17,6301946.927
995,2022-08-22,1617.17,1629.0,1528.0,1624.02,8702841.846
996,2022-08-23,1624.02,1680.0,1562.41,1664.19,8533214.781
997,2022-08-24,1664.19,1693.84,1605.0,1655.71,7245610.326
998,2022-08-25,1655.71,1722.0,1652.27,1694.16,5903160.698
999,2022-08-26,1694.15,1706.0,1485.0,1507.23,12030116.664
1000,2022-08-27,1507.22,1517.4,1443.4,1490.0,7282986.956
1001,2022-08-28,1490.0,1510.0,1423.1,1426.3,5691272.507
1002,2022-08-29,1426.29,1559.79,1420.59,1550.67,9032669.023
1003,2022-08-30,1550.66,1605.0,1471.92,1523.48,12249570.308
1004,2022-08-31,1523.49,1621.29,1523.26,1553.04,11937118.009
1005,2022-09-01,1553.04,1599.0,1505.0,1585.4,9119984.942
1006,2022-09-02,1585.4,1649.64,1545.0,1574.49,9144439.365
1007,2022-09-03,1574.49,1582.02,1532.6,1556.41,3937946.105
1008,2022-09-04,1556.42,1586.0,1539.7,1578.14,3969402.047
1009,2022-09-05,1578.14,1631.6,1555.72,1616.92,5810610.257
1010,2022-09-06,1616.93,1686.75,1551.7,1558.23,11076502.23
1011,2022-09-07,1558.23,1657.6,1486.16,1629.35,9094507.329
1012,2022-09-08,1629.36,1666.0,1594.0,1634.22,8111052.514
1013,2022-09-09,1634.23,1746.3,1629.25,1717.48,7591864.92
1014,2022-09-10,1717.49,1788.98,1705.0,1773.05,4234258.288
1015,2022-09-11,1773.04,1787.88,1718.02,1765.01,3909495.301
1016,2022-09-12,1765.0,1783.43,1691.28,1715.14,6512918.389
1017,2022-09-13,1715.15,1762.88,1556.78,1571.9,9660861.421
1018,2022-09-14,1571.91,1642.24,1548.0,1635.39,6491665.957
1019,2022-09-15,1635.4,1657.8,1455.0,1471.93,12706158.928
1020,2022-09-16,1471.94,1482.65,1403.0,1433.58,8136455.084
1021,2022-09-17,1433.58,1475.15,1408.15,1467.96,4366994.599
1022,2022-09-18,1467.96,1469.0,1320.0,1333.67,7139282.229
1023,2022-09-19,1333.68,1394.0,1276.62,1375.05,10278329.861
1024,2022-09-20,1375.05,1384.53,1311.0,1322.08,7850914.483
1025,2022-09-21,1322.09,1420.0,1218.0,1244.19,11244354.459
1026,2022-09-22,1244.2,1349.84,1235.6,1325.73,9848169.894
1027,2022-09-23,1325.73,1359.22,1260.75,1326.62,10875882.189
1028,2022-09-24,1326.62,1348.84,1305.36,1316.19,4603413.868
1029,2022-09-25,1316.18,1336.92,1268.19,1293.99,4839166.035
1030,2022-09-26,1293.98,1340.0,1277.55,1335.25,8104991.588
1031,2022-09-27,1335.25,1400.0,1303.02,1327.19,9686206.927
1032,2022-09-28,1327.2,1355.76,1250.0,1336.43,10608737.289
1033,2022-09-29,1336.43,1351.93,1287.24,1334.8,8973401.704
1034,2022-09-30,1334.8,1373.34,1307.53,1327.78,8510622.642
1035,2022-10-01,1327.78,1333.38,1301.0,1311.31,2763699.151
1036,2022-10-02,1311.32,1317.7,1266.66,1275.96,4140053.849
1037,2022-10-03,1275.95,1329.0,1260.48,1322.59,5798622.25
1038,2022-10-04,1322.58,1370.0,1318.06,1360.73,5536817.118
1039,2022-10-05,1360.73,1364.75,1315.27,1351.61,5456174.624
1040,2022-10-06,1351.6,1383.29,1344.0,1351.5,7101597.575
1041,2022-10-07,1351.5,1361.21,1316.22,1330.41,5119226.33
1042,2022-10-08,1330.42,1337.19,1302.0,1314.74,2182988.071
1043,2022-10-09,1314.75,1328.72,1306.41,1322.61,2303208.579
1044,2022-10-10,1322.6,1337.93,1284.38,1289.56,4968203.961
1045,2022-10-11,1289.57,1297.7,1265.0,1279.68,5514583.049
1046,2022-10-12,1279.67,1306.6,1274.35,1294.02,4405169.271
1047,2022-10-13,1294.02,1301.0,1176.0,1286.38,10523564.637
1048,2022-10-14,1286.38,1343.36,1282.74,1295.35,7171699.686
1049,2022-10-15,1295.34,1301.32,1262.12,1274.13,3049822.11
1050,2022-10-16,1274.12,1315.0,1273.98,1305.51,3282852.856
1051,2022-10-17,1305.52,1338.16,1295.0,1330.62,5154706.89
1052,2022-10-18,1330.62,1342.0,1285.11,1309.93,6506270.391
1053,2022-10-19,1309.93,1312.78,1275.56,1284.45,4389238.836
1054,2022-10-20,1284.45,1310.0,1270.0,1282.2,5294962.986
1055,2022-10-21,1282.19,1307.0,1248.0,1299.08,6030198.052
1056,2022-10-22,1299.08,1320.0,1293.67,1313.19,2486638.762
1057,2022-10-23,1313.18,1371.0,1298.22,1363.44,3682722.299
1058,2022-10-24,1363.43,1370.4,1322.25,1342.72,5502275.006
1059,2022-10-25,1342.73,1533.68,1334.16,1459.2,11473585.177
1060,2022-10-26,1459.19,1595.0,1456.69,1565.45,10817326.89
1061,2022-10-27,1565.45,1588.0,1500.46,1513.7,8021549.342
1062,2022-10-28,1513.7,1574.8,1475.0,1553.79,7430625.343
1063,2022-10-29,1553.8,1665.0,1546.71,1618.82,7454042.474
1064,2022-10-30,1618.82,1639.87,1574.6,1589.89,3955450.865
1065,2022-10-31,1589.88,1634.93,1543.72,1572.01,7113753.83
1066,2022-11-01,1572.0,1613.0,1562.7,1577.88,4495232.885
1067,2022-11-02,1577.88,1622.5,1501.0,1517.26,8956953.565
1068,2022-11-03,1517.26,1558.14,1514.07,1530.27,4820992.806
1069,2022-11-04,1530.27,1679.4,1527.78,1644.09,8773312.803
1070,2022-11-05,1644.08,1666.8,1620.1,1626.11,3007552.195
1071,2022-11-06,1626.11,1638.5,1561.32,1567.42,3810965.466
1072,2022-11-07,1567.42,1608.0,1544.94,1567.52,6311427.259
1073,2022-11-08,1567.52,1580.54,1195.22,1333.4,20492980.873
1074,2022-11-09,1333.4,1336.47,1071.14,1101.49,23279890.038
1075,2022-11-10,1101.53,1350.0,1083.77,1298.21,15328692.985
1076,2022-11-11,1298.3,1309.88,1199.57,1288.64,11730741.022
1077,2022-11-12,1288.67,1291.69,1238.0,1256.82,4582467.37
1078,2022-11-13,1256.85,1273.91,1200.0,1220.78,4739475.303
1079,2022-11-14,1220.78,1290.0,1170.5,1242.89,9479256.426
1080,2022-11-15,1242.9,1292.0,1232.52,1252.81,6157353.578
1081,2022-11-16,1252.8,1268.2,1185.59,1215.78,6410929.265
1082,2022-11-17,1215.72,1228.92,1181.0,1199.7,5819726.225
1083,2022-11-18,1199.7,1235.0,1198.48,1212.04,3844518.715
1084,2022-11-19,1212.05,1233.66,1196.0,1216.91,2150246.728
1085,2022-11-20,1216.9,1226.5,1131.6,1141.57,5200695.873
1086,2022-11-21,1141.53,1147.03,1077.32,1106.95,9738564.67
1087,2022-11-22,1106.94,1142.96,1071.52,1139.11,7509599.62
1088,2022-11-23,1139.11,1190.0,1127.01,1183.83,6642657.893
1089,2022-11-24,1183.84,1216.71,1179.72,1202.92,5188015.378
1090,2022-11-25,1202.93,1209.27,1170.99,1198.55,4268310.488
1091,2022-11-26,1198.55,1238.0,1195.08,1204.84,3881430.501
1092,2022-11-27,1205.0,1222.91,1186.58,1193.26,2990387.752
1093,2022-11-28,1193.25,1198.8,1150.25,1167.21,5581193.574
1094,2022-11-29,1167.2,1228.75,1156.06,1215.74,5916426.621
1095,2022-11-30,1215.75,1312.99,1211.53,1294.02,6987495.376
1096,2022-12-01,1294.09,1300.51,1262.0,1275.7,4742584.148
1097,2022-12-02,1275.7,1297.24,1264.43,1295.0,4241223.544
1098,2022-12-03,1294.99,1312.0,1235.17,1239.76,3733284.723
1099,2022-12-04,1239.76,1287.99,1239.13,1278.82,3873239.959
1100,2022-12-05,1278.82,1304.98,1246.0,1258.66,5401461.11
1101,2022-12-06,1258.67,1274.42,1240.55,1270.72,4094634.401
1102,2022-12-07,1270.72,1278.3,1217.02,1230.83,4598453.506
1103,2022-12-08,1230.78,1294.31,1221.0,1279.73,5403214.246
1104,2022-12-09,1279.72,1297.63,1254.0,1262.31,4410565.839
1105,2022-12-10,1262.31,1283.92,1258.58,1265.88,2219440.107
1106,2022-12-11,1265.87,1284.9,1255.0,1262.43,2427305.929
1107,2022-12-12,1262.43,1278.83,1238.5,1274.88,4101114.474
1108,2022-12-13,1274.89,1350.0,1254.32,1321.06,7377534.339
1109,2022-12-14,1321.05,1354.4,1300.17,1307.76,5647195.942
1110,2022-12-15,1307.76,1311.86,1256.1,1266.26,4199459.837
1111,2022-12-16,1266.26,1279.76,1154.7,1166.2,7218530.189
1112,2022-12-17,1166.19,1190.0,1161.07,1186.45,3336484.36
1113,2022-12-18,1186.44,1196.0,1171.12,1182.45,2877052.211
1114,2022-12-19,1182.45,1194.86,1148.0,1167.21,4295030.572
1115,2022-12-20,1167.21,1232.0,1162.5,1216.21,5778341.186
1116,2022-12-21,1216.22,1226.0,1202.06,1213.21,2943786.951
1117,2022-12-22,1213.21,1239.99,1182.0,1217.39,4400633.138
1118,2022-12-23,1217.38,1234.25,1208.33,1219.5,3311152.464
1119,2022-12-24,1219.5,1229.0,1214.0,1219.96,1200985.985
1120,2022-12-25,1219.96,1225.0,1187.54,1217.96,2475907.604
1121,2022-12-26,1217.97,1231.49,1210.0,1227.57,1928492.812
1122,2022-12-27,1227.57,1233.97,1200.0,1211.29,3078179.63
1123,2022-12-28,1211.29,1215.42,1177.5,1189.93,4121050.599
1124,2022-12-29,1189.94,1207.97,1186.24,1200.35,3022857.135
1125,2022-12-30,1200.36,1203.0,1180.0,1199.66,2868990.449
1126,2022-12-31,1199.67,1209.0,1190.26,1196.1,1688387.94
1127,2023-01-01,1196.1,1204.79,1190.8,1199.96,1381763.488
1128,2023-01-02,1199.96,1225.0,1191.5,1213.23,2831791.319
1129,2023-01-03,1213.24,1219.5,1203.05,1214.23,2418195.012
1130,2023-01-04,1214.22,1275.0,1212.16,1256.39,5329817.195
1131,2023-01-05,1256.39,1260.0,1242.22,1251.08,2662864.999
1132,2023-01-06,1251.08,1277.77,1233.0,1268.54,4156167.363
1133,2023-01-07,1268.54,1270.66,1260.53,1263.65,1186947.058
1134,2023-01-08,1263.64,1296.0,1256.3,1289.65,2415068.332
1135,2023-01-09,1289.64,1345.0,1284.81,1320.32,6326600.832
1136,2023-01-10,1320.32,1348.7,1316.74,1335.3,3653151.641
1137,2023-01-11,1335.29,1400.0,1319.52,1389.26,4603732.161
1138,2023-01-12,1389.25,1439.36,1358.0,1415.84,8272496.444
1139,2023-01-13,1415.85,1465.49,1400.7,1450.94,5096738.5
1140,2023-01-14,1450.95,1644.92,1448.7,1550.27,7348877.264
1141,2023-01-15,1550.27,1570.0,1516.02,1553.47,3651240.364
1142,2023-01-16,1553.48,1610.5,1520.0,1577.11,5395191.668
1143,2023-01-17,1577.25,1609.0,1540.0,1565.84,4580613.258
1144,2023-01-18,1565.83,1614.6,1501.21,1511.66,6932415.112
1145,2023-01-19,1511.6,1565.0,1509.87,1551.11,3660939.013
1146,2023-01-20,1551.11,1680.0,1541.6,1659.01,5324812.863
1147,2023-01-21,1659.01,1682.44,1615.3,1627.63,4643566.522
1148,2023-01-22,1627.63,1666.0,1603.39,1628.14,3827578.409
1149,2023-01-23,1628.13,1650.0,1585.21,1626.9,3969684.229
1150,2023-01-24,1626.9,1641.89,1530.0,1555.99,4505754.932
1151,2023-01-25,1556.0,1641.18,1512.3,1611.41,6003304.445
1152,2023-01-26,1611.44,1633.0,1575.66,1600.69,4235877.329
1153,2023-01-27,1600.69,1621.46,1551.1,1597.08,4349734.136
1154,2023-01-28,1597.08,1606.66,1555.0,1571.52,2478890.254
1155,2023-01-29,1571.52,1663.68,1565.98,1645.67,5099573.535
1156,2023-01-30,1645.67,1648.49,1529.04,1565.92,5031935.997
1157,2023-01-31,1565.93,1605.67,1561.04,1585.02,3444437.709
1158,2023-02-01,1585.02,1648.76,1554.57,1641.8,5095996.279
1159,2023-02-02,1641.81,1717.0,1625.0,1643.81,6256821.466
1160,2023-02-03,1643.82,1677.0,1622.0,1663.68,4613666.206
1161,2023-02-04,1663.69,1696.99,1645.0,1666.44,2708043.817
1162,2023-02-05,1666.44,1674.59,1608.0,1628.98,3600230.231
1163,2023-02-06,1628.98,1659.0,1602.0,1613.9,3905639.202
1164,2023-02-07,1613.89,1679.03,1612.49,1670.51,4525016.709
1165,2023-02-08,1670.5,1699.0,1631.0,1650.26,4145086.428
1166,2023-02-09,1650.26,1656.2,1522.0,1544.68,6604140.847
1167,2023-02-10,1544.67,1554.0,1486.28,1512.26,4905464.68
1168,2023-02-11,1512.25,1542.82,1502.83,1537.65,2103873.253
1169,2023-02-12,1537.64,1547.7,1491.0,1514.49,2649623.411
1170,2023-02-13,1514.48,1526.1,1460.0,1504.85,5918159.268
1171,2023-02-14,1504.86,1568.98,1470.0,1554.94,6535322.162
1172,2023-02-15,1554.94,1684.1,1541.77,1675.0,5965469.291
1173,2023-02-16,1674.99,1744.5,1634.02,1639.0,7811713.183
1174,2023-02-17,1638.99,1722.62,1631.31,1694.12,5957429.029
1175,2023-02-18,1694.1,1715.0,1679.13,1691.66,2188299.314
1176,2023-02-19,1691.65,1729.58,1666.0,1680.31,3595633.465
1177,2023-02-20,1680.46,1720.39,1650.0,1703.7,4212950.942
1178,2023-02-21,1703.71,1716.99,1635.0,1659.2,4978504.599
1179,2023-02-22,1659.2,1667.62,1591.17,1642.01,5674489.615
1180,2023-02-23,1642.01,1678.56,1627.64,1649.69,5209103.366
1181,2023-02-24,1649.68,1664.44,1572.0,1607.12,5126530.811
1182,2023-02-25,1607.11,1608.34,1556.08,1593.59,2522137.13
1183,2023-02-26,1593.6,1652.91,1586.35,1640.49,2823827.922
1184,2023-02-27,1640.51,1664.97,1606.71,1632.6,4195083.677
1185,2023-02-28,1632.61,1646.99,1595.0,1604.72,3664338.319
1186,2023-03-01,1604.73,1670.0,1593.03,1664.46,4455452.375
1187,2023-03-02,1664.47,1677.74,1617.83,1647.29,3990138.366
1188,2023-03-03,1647.29,1648.78,1534.85,1568.86,5211938.594
1189,2023-03-04,1568.85,1577.0,1548.0,1566.05,1814800.844
1190,2023-03-05,1566.05,1588.08,1552.07,1564.06,2504148.446
1191,2023-03-06,1564.06,1583.19,1553.29,1565.17,2751818.445
1192,2023-03-07,1565.17,1584.0,1524.0,1561.29,4147930.855
1193,2023-03-08,1561.3,1570.0,1520.0,1531.82,3963442.596
1194,2023-03-09,1531.81,1545.78,1402.8,1436.42,6580693.11
1195,2023-03-10,1436.42,1438.17,1367.51,1425.79,9938476.933
1196,2023-03-11,1425.8,1478.0,1407.48,1471.03,7155608.693
1197,2023-03-12,1471.03,1597.29,1446.65,1579.26,6809861.012
1198,2023-03-13,1579.26,1700.0,1564.18,1673.9,9437876.215
1199,2023-03-14,1673.91,1779.05,1655.0,1699.93,9038833.861
1200,2023-03-15,1699.93,1718.34,1611.63,1649.81,7616093.701
1201,2023-03-16,1649.82,1693.0,1632.0,1672.56,4599500.477
1202,2023-03-17,1672.57,1801.22,1661.57,1789.21,6694758.759
1203,2023-03-18,1789.21,1846.15,1745.0,1758.52,5475097.503
1204,2023-03-19,1758.52,1841.96,1757.8,1779.99,4626069.971
1205,2023-03-20,1779.98,1803.37,1722.1,1731.71,5373050.445
1206,2023-03-21,1731.71,1836.0,1716.0,1800.14,5619744.412
1207,2023-03-22,1800.13,1819.4,1709.0,1733.61,6034436.316
1208,2023-03-23,1733.61,1860.0,1728.5,1813.27,5198586.173
1209,2023-03-24,1813.26,1818.17,1720.0,1748.77,4912493.752
1210,2023-03-25,1748.77,1763.7,1712.02,1741.02,2338463.552
1211,2023-03-26,1741.02,1800.0,1738.29,1772.63,2889759.744
1212,2023-03-27,1772.63,1779.79,1684.0,1714.35,4306582.468
1213,2023-03-28,1714.34,1797.19,1700.55,1772.09,4167114.123
1214,2023-03-29,1772.11,1828.58,1771.66,1791.89,3725356.756
1215,2023-03-30,1791.89,1829.88,1760.84,1792.77,4163974.718
1216,2023-03-31,1792.76,1848.0,1777.0,1820.81,3958210.583
1217,2023-04-01,1820.81,1842.8,1805.5,1819.82,1675351.82
1218,2023-04-02,1819.83,1824.6,1770.0,1793.56,2192606.026
1219,2023-04-03,1793.55,1840.0,1761.25,1809.68,4518659.82
1220,2023-04-04,1809.68,1895.0,1800.69,1869.11,4275707.73
1221,2023-04-05,1869.11,1945.0,1863.69,1907.48,4197070.072
1222,2023-04-06,1907.49,1908.84,1851.6,1871.33,3037614.773
1223,2023-04-07,1871.34,1881.94,1840.0,1862.87,2094298.392
1224,2023-04-08,1862.88,1878.81,1846.0,1848.02,1433874.915
1225,2023-04-09,1848.01,1873.7,1820.31,1857.84,2391096.749
1226,2023-04-10,1857.84,1919.12,1845.04,1908.9,3082285.12
1227,2023-04-11,1908.91,1938.0,1880.67,1888.89,3135834.566
1228,2023-04-12,1888.89,1933.0,1850.38,1916.86,5177985.751
1229,2023-04-13,1916.86,2025.0,1898.01,2011.8,5944851.519
1230,2023-04-14,2011.8,2137.64,2009.0,2099.77,6908499.4
1231,2023-04-15,2099.77,2113.28,2071.0,2091.2,2619968.921
1232,2023-04-16,2091.2,2146.1,2072.4,2118.09,2905235.978
1233,2023-04-17,2118.09,2120.64,2055.5,2074.49,3410289.359
1234,2023-04-18,2074.49,2126.63,2047.64,2103.29,3542599.96
1235,2023-04-19,2103.29,2104.61,1921.0,1932.83,5712106.365
1236,2023-04-20,1932.83,1983.22,1905.75,1942.11,4486102.176
1237,2023-04-21,1942.1,1956.82,1822.01,1848.0,5520829.389
1238,2023-04-22,1848.01,1886.5,1839.26,1873.39,2233900.931
1239,2023-04-23,1873.4,1882.11,1833.3,1861.3,2624859.049
1240,2023-04-24,1861.3,1891.3,1806.0,1841.19,4637382.676
1241,2023-04-25,1841.19,1877.6,1797.98,1865.4,4166439.286
1242,2023-04-26,1865.4,1964.7,1782.03,1865.02,7328089.271
1243,2023-04-27,1865.03,1939.4,1858.55,1907.67,5486808.619
1244,2023-04-28,1907.68,1923.63,1873.0,1890.13,3142216.755
1245,2023-04-29,1890.13,1917.27,1881.1,1907.01,1593882.469
1246,2023-04-30,1907.01,1940.0,1863.9,1868.41,2977980.167
1247,2023-05-01,1868.41,1885.56,1805.28,1829.97,3740379.561
1248,2023-05-02,1829.97,1882.6,1821.25,1869.2,3065412.118
1249,2023-05-03,1869.21,1917.29,1841.71,1904.74,4144638.549
1250,2023-05-04,1904.74,1918.61,1865.72,1876.13,2639262.752
1251,2023-05-05,1876.14,2004.99,1874.8,1992.56,5053850.5
1252,2023-05-06,1992.55,2023.66,1850.0,1895.29,4880833.923
1253,2023-05-07,1895.3,1933.0,1865.32,1869.5,3198475.667
1254,2023-05-08,1869.51,1883.17,1810.0,1846.54,4905366.653
1255,2023-05-09,1846.54,1863.0,1830.05,1845.8,2509784.607
1256,2023-05-10,1845.8,1887.0,1785.74,1839.86,4903103.427
1257,2023-05-11,1839.86,1841.54,1768.42,1793.24,4005939.727
1258,2023-05-12,1793.25,1820.0,1735.37,1806.53,4274267.712
1259,2023-05-13,1806.53,1816.24,1784.0,1794.44,1794108.348
1260,2023-05-14,1794.44,1825.27,1789.41,1798.25,2065119.626
1261,2023-05-15,1798.26,1848.0,1783.51,1815.56,3062945.098
1262,2023-05-16,1815.56,1832.93,1795.0,1823.53,2559941.664
1263,2023-05-17,1823.52,1837.85,1781.0,1821.65,3158227.207
1264,2023-05-18,1821.65,1831.46,1770.0,1799.69,3046459.303
1265,2023-05-19,1799.69,1830.0,1795.72,1811.38,2142895.0
1266,2023-05-20,1811.38,1828.88,1805.96,1818.59,1031296.976
1267,2023-05-21,1818.59,1828.91,1794.45,1803.89,1397629.152
1268,2023-05-22,1803.9,1827.99,1790.76,1816.67,2270653.543
1269,2023-05-23,1816.68,1874.23,1814.25,1853.36,2935200.681
1270,2023-05-24,1853.37,1853.5,1775.0,1798.84,3607753.797
1271,2023-05-25,1798.84,1819.93,1758.0,1804.65,2893039.67
1272,2023-05-26,1804.65,1837.93,1795.99,1826.81,2175357.921
1273,2023-05-27,1826.81,1835.7,1810.63,1828.85,1194937.504
1274,2023-05-28,1828.85,1930.0,1822.31,1908.36,2905772.688
1275,2023-05-29,1908.36,1928.2,1872.0,1891.5,2477917.179
1276,2023-05-30,1891.51,1917.0,1880.02,1899.81,2207189.76
1277,2023-05-31,1899.81,1906.57,1845.0,1872.84,2656970.771
1278,2023-06-01,1872.85,1889.61,1837.94,1860.59,2605797.159
1279,2023-06-02,1860.59,1911.0,1846.0,1905.58,2646266.39
1280,2023-06-03,1905.59,1907.09,1878.5,1890.91,1280350.751
1281,2023-06-04,1890.9,1914.53,1883.19,1888.54,1547682.823
1282,2023-06-05,1888.54,1890.01,1775.0,1810.03,4257292.031
1283,2023-06-06,1810.03,1898.0,1796.0,1883.26,4333156.268
1284,2023-06-07,1883.26,1897.2,1820.0,1831.31,3703943.621
1285,2023-06-08,1831.32,1861.41,1827.42,1844.94,1833404.039
1286,2023-06-09,1844.93,1854.77,1825.0,1839.61,1930535.751
1287,2023-06-10,1839.61,1844.8,1712.08,1750.64,5551171.332
1288,2023-06-11,1750.65,1778.36,1737.29,1751.8,2030813.582
1289,2023-06-12,1751.8,1759.32,1717.5,1741.61,2615423.791
1290,2023-06-13,1741.6,1766.53,1722.53,1739.24,2978916.867
1291,2023-06-14,1739.24,1749.65,1625.5,1650.18,3962845.762
1292,2023-06-15,1650.19,1680.0,1625.56,1665.64,3284979.384
1293,2023-06-16,1665.64,1730.0,1644.65,1717.31,3099475.105
1294,2023-06-17,1717.31,1775.0,1713.38,1727.2,2161730.858
1295,2023-06-18,1727.19,1747.5,1710.77,1719.99,1638597.358
1296,2023-06-19,1719.99,1753.0,1689.29,1736.21,2591602.407
1297,2023-06-20,1736.2,1796.84,1713.57,1791.37,3466422.973
1298,2023-06-21,1791.37,1901.6,1786.56,1888.31,5330798.831
1299,2023-06-22,1888.3,1933.7,1862.0,1871.36,3137860.418
1300,2023-06-23,1871.37,1938.48,1859.96,1892.2,3405962.433
1301,2023-06-24,1892.2,1905.6,1863.0,1874.48,1763224.894
1302,2023-06-25,1874.47,1929.96,1867.84,1898.27,2781158.136
1303,2023-06-26,1898.26,1909.32,1836.0,1858.14,3400509.135
1304,2023-06-27,1858.14,1912.65,1854.14,1889.05,2829280.124
1305,2023-06-28,1889.05,1889.65,1811.89,1827.26,3088158.07
1306,2023-06-29,1827.26,1879.98,1827.02,1851.19,2244626.491
1307,2023-06-30,1851.18,1947.31,1820.0,1933.41,5961506.278
1308,2023-07-01,1933.42,1944.69,1908.55,1924.08,1584006.709
1309,2023-07-02,1924.08,1964.0,1883.55,1937.69,2602287.765
1310,2023-07-03,1937.69,1978.0,1933.04,1955.0,2783862.146
1311,2023-07-04,1955.0,1967.91,1930.37,1935.72,1913551.422
1312,2023-07-05,1935.72,1942.22,1892.9,1909.88,2290593.319
1313,2023-07-06,1909.88,1957.94,1844.47,1844.82,4219617.366
1314,2023-07-07,1844.81,1877.51,1823.74,1870.0,2150375.881
1315,2023-07-08,1870.0,1873.1,1841.28,1864.45,1144653.748
1316,2023-07-09,1864.45,1878.98,1855.2,1861.81,1315813.529
1317,2023-07-10,1861.81,1904.96,1845.09,1879.34,2457486.761
1318,2023-07-11,1879.35,1892.32,1861.1,1877.66,1690867.909
1319,2023-07-12,1877.66,1901.86,1863.15,1870.81,2514859.274
1320,2023-07-13,1870.82,2014.8,1861.59,2004.78,5072952.783
1321,2023-07-14,2004.77,2031.28,1896.8,1936.74,4202754.58
1322,2023-07-15,1936.74,1945.89,1925.54,1930.4,1111948.993
1323,2023-07-16,1930.4,1942.78,1912.09,1920.97,1270216.239
1324,2023-07-17,1920.97,1935.45,1872.0,1910.37,2551243.537
1325,2023-07-18,1910.37,1916.62,1875.0,1896.46,1989216.045
1326,2023-07-19,1896.47,1925.0,1881.0,1887.55,2046151.353
1327,2023-07-20,1887.55,1928.81,1875.6,1890.56,2682007.64
1328,2023-07-21,1890.56,1905.97,1883.42,1890.84,1423334.683
1329,2023-07-22,1890.84,1896.85,1835.39,1865.6,1146954.994
1330,2023-07-23,1865.6,1904.57,1856.68,1887.86,1545904.444
1331,2023-07-24,1887.85,1890.2,1829.0,1849.04,2113287.416
1332,2023-07-25,1849.04,1868.54,1844.5,1856.91,1320722.986
1333,2023-07-26,1856.91,1887.79,1846.9,1870.98,1946701.756
1334,2023-07-27,1870.97,1885.57,1854.0,1860.28,1593279.389
1335,2023-07-28,1860.29,1883.76,1855.57,1873.39,1378048.23
1336,2023-07-29,1873.38,1886.19,1868.56,1879.85,749505.043
1337,2023-07-30,1879.86,1885.0,1845.56,1860.76,1386061.233
1338,2023-07-31,1860.77,1876.73,1850.08,1855.39,1421399.856
1339,2023-08-01,1855.4,1875.87,1808.47,1873.05,2857111.757
1340,2023-08-02,1873.06,1879.27,1820.0,1839.07,2433052.599
1341,2023-08-03,1839.07,1858.9,1825.0,1834.69,1708783.419
1342,2023-08-04,1834.69,1851.0,1808.77,1829.4,1914149.705
1343,2023-08-05,1829.4,1838.62,1826.7,1835.5,649573.659
1344,2023-08-06,1835.5,1838.6,1825.0,1829.38,804165.426
1345,2023-08-07,1829.39,1846.86,1800.0,1828.18,2235036.668
1346,2023-08-08,1828.18,1878.0,1825.35,1855.36,2299167.676
1347,2023-08-09,1855.36,1871.28,1845.18,1854.7,1405393.116
1348,2023-08-10,1854.69,1865.38,1844.81,1851.42,1190359.595
1349,2023-08-11,1851.43,1857.99,1834.52,1848.04,1079579.87
1350,2023-08-12,1848.04,1853.02,1845.35,1849.14,450661.209
1351,2023-08-13,1849.14,1861.93,1833.4,1840.09,841324.653
1352,2023-08-14,1840.09,1855.86,1834.28,1844.81,1283582.445
1353,2023-08-15,1844.8,1846.75,1810.92,1828.28,1212865.745
1354,2023-08-16,1828.27,1830.87,1791.11,1807.19,1557481.275
1355,2023-08-17,1807.19,1809.66,1492.66,1681.0,5897283.822
1356,2023-08-18,1681.0,1698.98,1638.48,1660.76,2961785.532
1357,2023-08-19,1660.76,1696.14,1653.36,1668.69,1374954.312
1358,2023-08-20,1668.7,1694.36,1660.22,1684.16,1165848.58
1359,2023-08-21,1684.15,1687.78,1647.22,1666.79,1716607.681
1360,2023-08-22,1666.8,1668.57,1575.0,1634.5,2628650.16
1361,2023-08-23,1634.49,1703.85,1628.5,1678.8,2809971.177
1362,2023-08-24,1678.79,1682.88,1631.66,1660.22,1739875.239
1363,2023-08-25,1660.23,1676.73,1634.43,1653.24,1842552.274
1364,2023-08-26,1653.25,1654.77,1643.01,1646.28,499811.129
1365,2023-08-27,1646.29,1659.57,1645.38,1657.59,657340.273
1366,2023-08-28,1657.59,1663.88,1618.0,1652.51,1672402.974
1367,2023-08-29,1652.5,1747.15,1639.01,1728.51,3479356.341
1368,2023-08-30,1728.52,1730.37,1688.0,1704.39,1539234.041
1369,2023-08-31,1704.39,1730.0,1628.3,1645.27,2488894.539
1370,2023-09-01,1645.26,1653.89,1601.22,1628.19,2089554.942
1371,2023-09-02,1628.2,1644.99,1627.05,1636.24,754625.922
1372,2023-09-03,1636.24,1648.24,1623.93,1635.02,838943.974
1373,2023-09-04,1635.03,1644.5,1614.76,1630.09,1087824.165
1374,2023-09-05,1630.08,1648.0,1608.45,1633.63,1444381.953
1375,2023-09-06,1633.63,1680.0,1606.74,1632.33,1835281.753
1376,2023-09-07,1632.33,1659.7,1622.61,1647.27,1570880.608
1377,2023-09-08,1647.25,1658.77,1615.0,1635.78,1482115.785
1378,2023-09-09,1635.77,1636.92,1629.0,1634.8,411166.927
1379,2023-09-10,1634.81,1635.05,1590.0,1616.47,1532646.839
1380,2023-09-11,1616.46,1618.35,1528.61,1551.03,3273332.648
1381,2023-09-12,1551.02,1626.78,1548.7,1592.29,2987142.357
1382,2023-09-13,1592.29,1620.0,1580.46,1606.68,1869877.516
1383,2023-09-14,1606.69,1644.45,1606.02,1625.65,2118267.271
1384,2023-09-15,1625.65,1653.91,1610.0,1640.67,1426966.202
1385,2023-09-16,1640.66,1652.97,1630.37,1633.68,778800.039
1386,2023-09-17,1633.68,1634.43,1610.81,1621.62,946075.604
1387,2023-09-18,1621.63,1668.64,1598.58,1635.63,2369929.712
1388,2023-09-19,1635.63,1660.69,1625.02,1642.49,1776617.676
1389,2023-09-20,1642.48,1648.68,1602.0,1621.6,1872818.8
1390,2023-09-21,1621.6,1624.81,1565.5,1583.0,2049732.627
1391,2023-09-22,1583.0,1602.28,1575.46,1592.28,1121431.042
1392,2023-09-23,1592.28,1597.6,1586.53,1592.97,512678.235
1393,2023-09-24,1592.97,1600.95,1568.28,1579.99,884404.712
1394,2023-09-25,1579.99,1597.13,1562.0,1587.69,1624097.779
1395,2023-09-26,1587.68,1599.4,1578.61,1593.3,1186689.092
1396,2023-09-27,1593.3,1633.98,1582.64,1597.89,2305835.91
1397,2023-09-28,1597.89,1668.0,1597.17,1652.13,2832920.096
1398,2023-09-29,1652.13,1687.65,1647.5,1666.61,1996104.505
1399,2023-09-30,1666.61,1694.11,1665.27,1670.18,1063587.313
1400,2023-10-01,1670.17,1780.0,1666.69,1733.39,1762739.428
1401,2023-10-02,1733.4,1743.99,1619.99,1661.49,3140059.122
1402,2023-10-03,1661.49,1669.94,1642.03,1656.18,1574186.817
1403,2023-10-04,1656.19,1657.05,1615.0,1645.75,1760659.358
1404,2023-10-05,1645.76,1655.13,1601.28,1611.23,1929063.873
1405,2023-10-06,1611.24,1664.6,1610.59,1644.33,2078440.945
1406,2023-10-07,1644.32,1647.16,1629.03,1633.18,729971.504
1407,2023-10-08,1633.17,1640.9,1615.19,1632.02,1153340.712
1408,2023-10-09,1632.03,1635.81,1544.3,1579.4,2950124.049
1409,2023-10-10,1579.39,1594.4,1545.6,1566.89,2076875.007
1410,2023-10-11,1566.89,1577.89,1541.78,1566.07,2381820.983
1411,2023-10-12,1566.08,1568.06,1514.5,1538.81,2299190.123
1412,2023-10-13,1538.82,1575.53,1536.65,1551.55,1795481.428
1413,2023-10-14,1551.55,1561.7,1543.83,1554.15,791727.302
1414,2023-10-15,1554.15,1567.0,1546.14,1557.25,1000513.27
1415,2023-10-16,1557.25,1642.0,1554.1,1598.61,3513907.329
1416,2023-10-17,1598.61,1599.83,1541.0,1563.99,1821162.481
1417,2023-10-18,1564.0,1584.9,1554.7,1562.65,1722717.852
1418,2023-10-19,1562.66,1574.34,1539.0,1565.89,1914194.811
1419,2023-10-20,1565.9,1630.01,1560.37,1603.14,2591313.635
1420,2023-10-21,1603.15,1643.84,1591.25,1628.29,1630618.809
1421,2023-10-22,1628.29,1667.5,1620.0,1662.83,1922557.976
1422,2023-10-23,1662.82,1803.0,1656.25,1766.35,5040484.646
1423,2023-10-24,1766.35,1854.87,1755.28,1784.31,5148312.495
1424,2023-10-25,1784.3,1818.55,1759.16,1786.71,2706185.955
1425,2023-10-26,1786.7,1872.64,1757.25,1803.3,4046404.43
1426,2023-10-27,1803.31,1803.92,1735.5,1780.02,2440107.981
1427,2023-10-28,1780.03,1806.23,1767.37,1776.76,1074543.724
1428,2023-10-29,1776.76,1813.1,1762.49,1795.49,1315116.448
1429,2023-10-30,1795.48,1832.65,1776.94,1809.81,2334817.504
1430,2023-10-31,1809.82,1820.91,1781.0,1815.67,2155865.116
1431,2023-11-01,1815.66,1861.63,1782.73,1848.2,3596670.145
1432,2023-11-02,1848.2,1876.26,1784.0,1800.68,2902767.066
1433,2023-11-03,1800.68,1834.32,1775.36,1832.49,2284646.929
1434,2023-11-04,1832.49,1870.68,1823.32,1856.08,1368734.648
1435,2023-11-05,1856.08,1914.96,1846.21,1892.49,3049000.645
1436,2023-11-06,1892.49,1916.8,1869.13,1901.71,2360118.573
1437,2023-11-07,1901.72,1908.47,1850.1,1885.79,2747654.474
1438,2023-11-08,1885.79,1906.2,1873.13,1888.42,1671720.477
1439,2023-11-09,1888.42,2134.3,1881.79,2122.92,8102128.485
1440,2023-11-10,2122.92,2139.6,2066.0,2079.1,3645227.908
1441,2023-11-11,2079.1,2091.97,2021.0,2054.52,2484048.95
1442,2023-11-12,2054.53,2068.96,2011.5,2046.08,1719295.996
1443,2023-11-13,2046.07,2120.0,2030.0,2055.18,4007607.657
1444,2023-11-14,2055.18,2066.39,1920.0,1980.11,3803937.012
1445,2023-11-15,1980.11,2064.08,1967.85,2059.29,3044717.364
1446,2023-11-16,2059.3,2093.0,1938.4,1962.13,4348334.629
1447,2023-11-17,1962.14,1992.26,1903.81,1961.21,3228385.518
1448,2023-11-18,1961.21,1972.06,1916.0,1963.19,1643154.159
1449,2023-11-19,1963.19,2016.45,1943.44,2012.46,1726269.572
1450,2023-11-20,2012.45,2068.8,1981.96,2022.41,3280845.795
1451,2023-11-21,2022.41,2036.06,1929.85,1933.44,4105107.032
1452,2023-11-22,1933.44,2093.78,1928.74,2063.91,3525684.092
1453,2023-11-23,2063.92,2089.75,2033.5,2062.68,2101282.327
1454,2023-11-24,2062.67,2135.0,2057.77,2081.16,3231969.816
1455,2023-11-25,2081.16,2090.79,2065.59,2082.87,1027458.693
1456,2023-11-26,2082.87,2094.96,2035.0,2061.97,2265552.05
1457,2023-11-27,2061.97,2071.0,1985.0,2027.57,2895401.474
1458,2023-11-28,2027.57,2075.87,1994.85,2048.2,2601579.447
1459,2023-11-29,2048.21,2077.0,2018.56,2028.41,2090299.255
1460,2023-11-30,2028.41,2054.97,2020.4,2051.76,1702901.412
1461,2023-12-01,2051.77,2111.5,2044.35,2086.99,2908736.552
1462,2023-12-02,2086.99,2199.99,2085.63,2165.28,2703872.717
1463,2023-12-03,2165.26,2219.17,2148.17,2193.24,2138376.029
1464,2023-12-04,2193.25,2276.84,2191.52,2243.66,3783378.877
1465,2023-12-05,2243.67,2311.51,2186.0,2293.97,4121719.56
1466,2023-12-06,2293.97,2314.98,2218.49,2233.29,2935176.941
1467,2023-12-07,2233.32,2387.2,2222.08,2357.04,3592068.146
1468,2023-12-08,2357.05,2397.44,2333.36,2360.82,2691981.223
1469,2023-12-09,2360.82,2407.63,2328.0,2342.4,2422255.37
1470,2023-12-10,2342.41,2379.98,2323.0,2353.97,1509788.704
1471,2023-12-11,2353.99,2356.73,2114.63,2225.56,4715186.38
1472,2023-12-12,2225.55,2245.37,2164.82,2204.7,2861907.892
1473,2023-12-13,2204.71,2285.91,2145.33,2261.44,3400818.732
1474,2023-12-14,2261.45,2333.29,2212.04,2316.54,3279042.292
1475,2023-12-15,2316.53,2319.32,2195.28,2221.71,2619585.033
1476,2023-12-16,2221.71,2264.95,2211.16,2229.64,1615397.454
1477,2023-12-17,2229.63,2251.24,2190.0,2197.93,1888776.25
1478,2023-12-18,2197.93,2226.52,2116.56,2220.48,3103789.978
1479,2023-12-19,2220.49,2256.64,2135.03,2179.02,2922787.525
1480,2023-12-20,2179.01,2269.56,2156.0,2203.95,3264604.314
1481,2023-12-21,2203.95,2282.41,2184.9,2241.35,3165860.981
1482,2023-12-22,2241.47,2345.95,2232.56,2326.53,4099057.645
1483,2023-12-23,2326.54,2332.75,2265.0,2309.86,1865910.468
1484,2023-12-24,2309.86,2328.79,2241.2,2265.43,2062149.982
1485,2023-12-25,2265.42,2308.0,2254.38,2273.07,1894335.789
1486,2023-12-26,2273.08,2277.51,2178.84,2232.44,2717406.562
1487,2023-12-27,2232.45,2395.0,2213.68,2380.31,3570723.046
1488,2023-12-28,2380.32,2455.52,2336.02,2345.96,4260463.058
1489,2023-12-29,2345.98,2388.74,2254.72,2300.6,3866751.979
1490,2023-12-30,2300.61,2325.0,2269.15,2293.26,1809956.531
1491,2023-12-31,2293.26,2324.78,2258.0,2283.85,1671717.997
1492,2024-01-01,2283.84,2354.95,2266.67,2354.62,1658563.418
